build_id,applicability_prediction,observed_applicability,action,current_quadrant,proposed_quadrant,current_concurrency,proposed_concurrency,current_iterations,proposed_iterations,current_response_time,proposed_response_time,human_approval_required,online_validation_status,rationale
467314,not_applies,not_applies,review,1,1,very_low,very_low,low,low,low,low,True,not_required,The model predicts that the executed configuration does not apply.
467314,not_applies,not_applies,review,2,2,medium,medium,low,low,low,low,True,not_required,The model predicts that the executed configuration does not apply.
468337,applies,applies,upgrade,9,9,high,high,high,high,low,low,True,pending_new_execution,The execution applies with headroom; evaluate one controlled step.
468337,applies,applies,upgrade,7,7,very_low,low,low,low,very_high,very_high,True,pending_new_execution,The execution applies with headroom; evaluate one controlled step.
468337,applies,applies,maintain,8,8,medium,medium,medium,medium,high,high,False,not_required,The current configuration applies without sufficient upgrade evidence.
468337,applies,applies,maintain,7,7,low,low,low,low,very_high,very_high,False,not_required,The current configuration applies without sufficient upgrade evidence.
468337,applies,applies,maintain,7,7,low,low,low,low,very_high,very_high,False,not_required,The current configuration applies without sufficient upgrade evidence.
468337,applies,applies,maintain,8,8,medium,medium,medium,medium,high,high,False,not_required,The current configuration applies without sufficient upgrade evidence.
483042,not_applies,not_applies,review,7,7,low,low,medium,medium,high,high,True,not_required,The model predicts that the executed configuration does not apply.
483042,not_applies,applies,review,7,7,low,low,medium,medium,high,high,True,not_required,The model predicts that the executed configuration does not apply.
483042,not_applies,applies,review,7,7,low,low,medium,medium,high,high,True,not_required,The model predicts that the executed configuration does not apply.
483042,not_applies,not_applies,review,4,4,very_low,very_low,low,low,medium,medium,True,not_required,The model predicts that the executed configuration does not apply.
483042,not_applies,not_applies,review,4,4,very_low,very_low,low,low,medium,medium,True,not_required,The model predicts that the executed configuration does not apply.
483042,not_applies,not_applies,review,4,4,very_low,very_low,low,low,medium,medium,True,not_required,The model predicts that the executed configuration does not apply.
483042,not_applies,not_applies,review,7,7,low,low,medium,medium,high,high,True,not_required,The model predicts that the executed configuration does not apply.
483042,not_applies,not_applies,review,7,7,low,low,medium,medium,high,high,True,not_required,The model predicts that the executed configuration does not apply.
483042,not_applies,not_applies,review,7,7,low,low,medium,medium,high,high,True,not_required,The model predicts that the executed configuration does not apply.
483179,not_applies,applies,review,7,7,very_low,very_low,low,low,high,high,True,not_required,The model predicts that the executed configuration does not apply.
483179,not_applies,applies,review,7,7,very_low,very_low,low,low,high,high,True,not_required,The model predicts that the executed configuration does not apply.
483042,not_applies,applies,review,7,7,very_low,very_low,low,low,high,high,True,not_required,The model predicts that the executed configuration does not apply.
483042,not_applies,applies,review,7,7,low,low,medium,medium,high,high,True,not_required,The model predicts that the executed configuration does not apply.
482069,not_applies,applies,review,7,7,very_low,very_low,low,low,high,high,True,not_required,The model predicts that the executed configuration does not apply.
483042,not_applies,not_applies,review,7,7,low,low,medium,medium,high,high,True,not_required,The model predicts that the executed configuration does not apply.
483042,not_applies,not_applies,review,7,7,low,low,medium,medium,high,high,True,not_required,The model predicts that the executed configuration does not apply.
483042,not_applies,not_applies,review,7,7,low,low,medium,medium,high,high,True,not_required,The model predicts that the executed configuration does not apply.
483042,not_applies,not_applies,review,4,4,very_low,very_low,low,low,medium,medium,True,not_required,The model predicts that the executed configuration does not apply.
483042,not_applies,not_applies,review,4,4,very_low,very_low,low,low,medium,medium,True,not_required,The model predicts that the executed configuration does not apply.
483179,not_applies,applies,review,,,,,,,,,True,not_required,The model predicts that the executed configuration does not apply.
483179,not_applies,applies,review,7,7,very_low,very_low,low,low,high,high,True,not_required,The model predicts that the executed configuration does not apply.
483179,not_applies,applies,review,,,,,,,,,True,not_required,The model predicts that the executed configuration does not apply.
483179,not_applies,applies,review,7,7,very_low,very_low,low,low,high,high,True,not_required,The model predicts that the executed configuration does not apply.
482922,not_applies,applies,review,4,4,very_low,very_low,low,low,medium,medium,True,not_required,The model predicts that the executed configuration does not apply.
482922,not_applies,applies,review,4,4,very_low,very_low,low,low,medium,medium,True,not_required,The model predicts that the executed configuration does not apply.
451595,not_applies,not_applies,review,4,4,low,low,low,low,medium,medium,True,not_required,The model predicts that the executed configuration does not apply.
451504,applies,applies,upgrade,7,7,very_low,very_low,low,low,very_high,very_high,True,pending_new_execution,The execution applies with headroom; evaluate one controlled step.
451595,not_applies,not_applies,review,5,5,medium,medium,low,low,medium,medium,True,not_required,The model predicts that the executed configuration does not apply.
451595,not_applies,not_applies,review,1,1,low,low,low,low,low,low,True,not_required,The model predicts that the executed configuration does not apply.
453599,not_applies,applies,review,4,4,very_low,very_low,low,low,medium,medium,True,not_required,The model predicts that the executed configuration does not apply.
453599,not_applies,applies,review,4,4,very_low,very_low,low,low,medium,medium,True,not_required,The model predicts that the executed configuration does not apply.
441566,not_applies,not_applies,review,7,7,very_low,very_low,low,low,very_high,very_high,True,not_required,The model predicts that the executed configuration does not apply.
441566,not_applies,not_applies,review,7,7,very_low,very_low,low,low,very_high,very_high,True,not_required,The model predicts that the executed configuration does not apply.
441566,not_applies,not_applies,review,7,7,very_low,very_low,low,low,very_high,very_high,True,not_required,The model predicts that the executed configuration does not apply.
441566,not_applies,not_applies,review,7,7,very_low,very_low,low,low,very_high,very_high,True,not_required,The model predicts that the executed configuration does not apply.
441566,not_applies,not_applies,review,7,7,very_low,very_low,low,low,very_high,very_high,True,not_required,The model predicts that the executed configuration does not apply.
441156,not_applies,not_applies,review,7,7,very_low,very_low,low,low,very_high,very_high,True,not_required,The model predicts that the executed configuration does not apply.
441156,not_applies,not_applies,review,7,7,very_low,very_low,low,low,very_high,very_high,True,not_required,The model predicts that the executed configuration does not apply.
441156,not_applies,not_applies,review,7,7,very_low,very_low,low,low,very_high,very_high,True,not_required,The model predicts that the executed configuration does not apply.
441156,not_applies,not_applies,review,7,7,very_low,very_low,low,low,very_high,very_high,True,not_required,The model predicts that the executed configuration does not apply.
441525,not_applies,not_applies,review,7,7,very_low,very_low,low,low,very_high,very_high,True,not_required,The model predicts that the executed configuration does not apply.
441525,not_applies,not_applies,review,7,7,very_low,very_low,low,low,very_high,very_high,True,not_required,The model predicts that the executed configuration does not apply.
441525,not_applies,not_applies,review,7,7,very_low,very_low,low,low,very_high,very_high,True,not_required,The model predicts that the executed configuration does not apply.
441525,not_applies,not_applies,review,7,7,very_low,very_low,low,low,very_high,very_high,True,not_required,The model predicts that the executed configuration does not apply.
441525,not_applies,not_applies,review,7,7,very_low,very_low,low,low,very_high,very_high,True,not_required,The model predicts that the executed configuration does not apply.
442366,applies,applies,upgrade,5,5,medium,medium,medium,medium,medium,medium,True,pending_new_execution,The execution applies with headroom; evaluate one controlled step.
442366,applies,applies,upgrade,5,5,medium,medium,medium,medium,medium,medium,True,pending_new_execution,The execution applies with headroom; evaluate one controlled step.
442366,applies,applies,upgrade,5,5,medium,medium,medium,medium,medium,medium,True,pending_new_execution,The execution applies with headroom; evaluate one controlled step.
442366,applies,applies,upgrade,5,5,medium,medium,medium,medium,medium,medium,True,pending_new_execution,The execution applies with headroom; evaluate one controlled step.
442366,applies,applies,upgrade,,4,,very_low,,low,,medium,True,pending_new_execution,The execution applies with headroom; evaluate one controlled step.
467724,applies,not_applies,maintain,4,4,low,low,low,low,medium,medium,False,not_required,The current configuration applies without sufficient upgrade evidence.
462067,applies,applies,maintain,4,4,low,low,low,low,medium,medium,False,not_required,The current configuration applies without sufficient upgrade evidence.
462067,applies,applies,maintain,9,9,high,high,high,high,high,high,False,not_required,The current configuration applies without sufficient upgrade evidence.
462067,applies,applies,maintain,4,4,low,low,low,low,medium,medium,False,not_required,The current configuration applies without sufficient upgrade evidence.
462067,applies,applies,upgrade,1,4,low,low,low,low,low,medium,True,pending_new_execution,The execution applies with headroom; evaluate one controlled step.
463266,not_applies,not_applies,review,2,2,medium,medium,low,low,low,low,True,not_required,The model predicts that the executed configuration does not apply.
462811,not_applies,applies,review,4,4,low,low,low,low,medium,medium,True,not_required,The model predicts that the executed configuration does not apply.
462811,not_applies,applies,review,4,4,low,low,low,low,medium,medium,True,not_required,The model predicts that the executed configuration does not apply.
462811,not_applies,applies,review,4,4,very_low,very_low,low,low,medium,medium,True,not_required,The model predicts that the executed configuration does not apply.
462067,not_applies,not_applies,review,1,1,low,low,low,low,low,low,True,not_required,The model predicts that the executed configuration does not apply.
462262,applies,applies,upgrade,9,9,high,high,medium,medium,very_high,very_high,True,pending_new_execution,The execution applies with headroom; evaluate one controlled step.
463266,not_applies,not_applies,review,2,2,medium,medium,low,low,low,low,True,not_required,The model predicts that the executed configuration does not apply.
462067,not_applies,not_applies,review,7,7,low,low,low,low,very_high,very_high,True,not_required,The model predicts that the executed configuration does not apply.
462067,not_applies,not_applies,review,4,4,low,low,low,low,medium,medium,True,not_required,The model predicts that the executed configuration does not apply.
462262,applies,applies,upgrade,9,9,high,high,medium,medium,very_high,very_high,True,pending_new_execution,The execution applies with headroom; evaluate one controlled step.
462262,applies,applies,upgrade,9,9,high,high,high,high,low,medium,True,pending_new_execution,The execution applies with headroom; evaluate one controlled step.
465494,not_applies,not_applies,review,4,4,very_low,very_low,low,low,medium,medium,True,not_required,The model predicts that the executed configuration does not apply.
467314,not_applies,not_applies,review,2,2,medium,medium,low,low,low,low,True,not_required,The model predicts that the executed configuration does not apply.
466898,not_applies,applies,review,7,7,very_low,very_low,low,low,very_high,very_high,True,not_required,The model predicts that the executed configuration does not apply.
467314,not_applies,not_applies,review,2,2,medium,medium,low,low,low,low,True,not_required,The model predicts that the executed configuration does not apply.
466898,not_applies,applies,review,7,7,very_low,very_low,low,low,very_high,very_high,True,not_required,The model predicts that the executed configuration does not apply.
466898,not_applies,applies,review,7,7,very_low,very_low,low,low,very_high,very_high,True,not_required,The model predicts that the executed configuration does not apply.
467314,not_applies,not_applies,review,2,2,medium,medium,low,low,low,low,True,not_required,The model predicts that the executed configuration does not apply.
481677,applies,applies,maintain,4,4,very_low,very_low,low,low,medium,medium,False,not_required,The current configuration applies without sufficient upgrade evidence.
481164,applies,applies,maintain,4,4,low,low,low,low,medium,medium,False,not_required,The current configuration applies without sufficient upgrade evidence.
481164,applies,applies,upgrade,4,4,low,low,low,low,medium,medium,True,pending_new_execution,The execution applies with headroom; evaluate one controlled step.
481164,applies,applies,upgrade,4,4,low,low,low,low,medium,medium,True,pending_new_execution,The execution applies with headroom; evaluate one controlled step.
481164,applies,applies,upgrade,4,4,low,low,low,low,medium,medium,True,pending_new_execution,The execution applies with headroom; evaluate one controlled step.
481624,applies,applies,upgrade,4,7,very_low,very_low,low,low,medium,high,True,pending_new_execution,The execution applies with headroom; evaluate one controlled step.
481624,applies,applies,upgrade,4,7,very_low,very_low,low,low,medium,high,True,pending_new_execution,The execution applies with headroom; evaluate one controlled step.
481624,applies,applies,upgrade,4,7,very_low,very_low,low,low,medium,high,True,pending_new_execution,The execution applies with headroom; evaluate one controlled step.
481624,applies,applies,maintain,7,7,low,low,medium,medium,high,high,False,not_required,The current configuration applies without sufficient upgrade evidence.
481624,applies,applies,upgrade,7,7,very_low,very_low,low,low,high,high,True,pending_new_execution,The execution applies with headroom; evaluate one controlled step.
481624,not_applies,not_applies,review,7,7,low,low,medium,medium,high,high,True,not_required,The model predicts that the executed configuration does not apply.
481624,not_applies,not_applies,review,7,7,low,low,medium,medium,high,high,True,not_required,The model predicts that the executed configuration does not apply.
481624,not_applies,not_applies,review,7,7,low,low,medium,medium,high,high,True,not_required,The model predicts that the executed configuration does not apply.
481624,applies,not_applies,maintain,4,4,very_low,very_low,low,low,medium,medium,False,not_required,The current configuration applies without sufficient upgrade evidence.
481624,applies,not_applies,maintain,4,4,very_low,very_low,low,low,medium,medium,False,not_required,The current configuration applies without sufficient upgrade evidence.
482366,applies,applies,upgrade,7,7,very_low,very_low,medium,medium,high,high,True,pending_new_execution,The execution applies with headroom; evaluate one controlled step.
482922,not_applies,not_applies,review,4,4,very_low,very_low,low,low,medium,medium,True,not_required,The model predicts that the executed configuration does not apply.
482922,not_applies,not_applies,review,4,4,very_low,very_low,low,low,medium,medium,True,not_required,The model predicts that the executed configuration does not apply.
481677,applies,not_applies,maintain,4,4,very_low,very_low,low,low,medium,medium,False,not_required,The current configuration applies without sufficient upgrade evidence.
481677,applies,not_applies,maintain,4,4,very_low,very_low,low,low,medium,medium,False,not_required,The current configuration applies without sufficient upgrade evidence.
481579,not_applies,not_applies,review,7,7,very_low,very_low,low,low,very_high,very_high,True,not_required,The model predicts that the executed configuration does not apply.
483042,not_applies,not_applies,review,7,7,very_low,very_low,low,low,high,high,True,not_required,The model predicts that the executed configuration does not apply.
481677,applies,applies,maintain,4,4,very_low,very_low,low,low,medium,medium,False,not_required,The current configuration applies without sufficient upgrade evidence.
481677,applies,applies,maintain,4,4,very_low,very_low,low,low,medium,medium,False,not_required,The current configuration applies without sufficient upgrade evidence.
481677,applies,not_applies,maintain,4,4,very_low,very_low,low,low,medium,medium,False,not_required,The current configuration applies without sufficient upgrade evidence.
482017,applies,applies,maintain,4,4,low,low,low,low,medium,medium,False,not_required,The current configuration applies without sufficient upgrade evidence.
459745,not_applies,not_applies,review,7,7,very_low,very_low,low,low,very_high,very_high,True,not_required,The model predicts that the executed configuration does not apply.
461673,applies,applies,maintain,7,7,low,low,low,low,very_high,very_high,False,not_required,The current configuration applies without sufficient upgrade evidence.
461673,applies,applies,upgrade,7,7,very_low,very_low,low,low,very_high,very_high,True,pending_new_execution,The execution applies with headroom; evaluate one controlled step.
461673,applies,not_applies,maintain,7,7,low,low,low,low,very_high,very_high,False,not_required,The current configuration applies without sufficient upgrade evidence.
442366,applies,applies,upgrade,,4,,very_low,,low,,medium,True,pending_new_execution,The execution applies with headroom; evaluate one controlled step.
442366,applies,applies,upgrade,9,9,high,high,low,low,high,high,True,pending_new_execution,The execution applies with headroom; evaluate one controlled step.
443266,applies,applies,upgrade,1,1,very_low,very_low,low,low,low,low,True,pending_new_execution,The execution applies with headroom; evaluate one controlled step.
442366,applies,applies,upgrade,9,9,high,high,low,low,high,high,True,pending_new_execution,The execution applies with headroom; evaluate one controlled step.
442366,applies,not_applies,maintain,5,5,medium,medium,medium,medium,medium,medium,False,not_required,The current configuration applies without sufficient upgrade evidence.
443266,applies,applies,upgrade,1,1,very_low,very_low,low,low,low,low,True,pending_new_execution,The execution applies with headroom; evaluate one controlled step.
442366,applies,applies,upgrade,5,5,medium,medium,medium,medium,medium,medium,True,pending_new_execution,The execution applies with headroom; evaluate one controlled step.
442366,applies,applies,upgrade,5,5,medium,medium,medium,medium,medium,medium,True,pending_new_execution,The execution applies with headroom; evaluate one controlled step.
442366,applies,applies,upgrade,9,9,very_high,very_high,high,high,low,medium,True,pending_new_execution,The execution applies with headroom; evaluate one controlled step.
442366,applies,applies,upgrade,5,5,medium,medium,medium,medium,medium,medium,True,pending_new_execution,The execution applies with headroom; evaluate one controlled step.
442366,applies,applies,upgrade,,4,,very_low,,low,,medium,True,pending_new_execution,The execution applies with headroom; evaluate one controlled step.
442366,applies,applies,upgrade,5,5,medium,medium,medium,medium,medium,medium,True,pending_new_execution,The execution applies with headroom; evaluate one controlled step.
442366,applies,applies,upgrade,5,5,medium,medium,medium,medium,medium,medium,True,pending_new_execution,The execution applies with headroom; evaluate one controlled step.
446392,not_applies,not_applies,review,7,7,very_low,very_low,low,low,very_high,very_high,True,not_required,The model predicts that the executed configuration does not apply.
446392,not_applies,not_applies,review,7,7,very_low,very_low,low,low,very_high,very_high,True,not_required,The model predicts that the executed configuration does not apply.
446392,not_applies,not_applies,review,7,7,very_low,very_low,low,low,very_high,very_high,True,not_required,The model predicts that the executed configuration does not apply.
446392,not_applies,not_applies,review,7,7,very_low,very_low,low,low,very_high,very_high,True,not_required,The model predicts that the executed configuration does not apply.
446392,not_applies,not_applies,review,7,7,very_low,very_low,low,low,very_high,very_high,True,not_required,The model predicts that the executed configuration does not apply.
446392,not_applies,not_applies,review,7,7,very_low,very_low,low,low,very_high,very_high,True,not_required,The model predicts that the executed configuration does not apply.
447155,applies,not_applies,maintain,4,4,low,low,low,low,medium,medium,False,not_required,The current configuration applies without sufficient upgrade evidence.
447155,applies,not_applies,maintain,1,1,very_low,very_low,low,low,low,low,False,not_required,The current configuration applies without sufficient upgrade evidence.
447155,applies,not_applies,maintain,7,7,very_low,very_low,medium,medium,very_high,very_high,False,not_required,The current configuration applies without sufficient upgrade evidence.
447155,applies,applies,upgrade,1,1,very_low,very_low,low,low,low,low,True,pending_new_execution,The execution applies with headroom; evaluate one controlled step.
493813,not_applies,not_applies,review,7,7,very_low,very_low,low,low,very_high,very_high,True,not_required,The model predicts that the executed configuration does not apply.
493813,not_applies,not_applies,review,7,7,very_low,very_low,low,low,very_high,very_high,True,not_required,The model predicts that the executed configuration does not apply.
493813,not_applies,not_applies,review,7,7,very_low,very_low,low,low,very_high,very_high,True,not_required,The model predicts that the executed configuration does not apply.
493813,not_applies,not_applies,review,7,7,very_low,very_low,low,low,very_high,very_high,True,not_required,The model predicts that the executed configuration does not apply.
465135,not_applies,applies,review,7,7,very_low,very_low,low,low,very_high,very_high,True,not_required,The model predicts that the executed configuration does not apply.
465135,not_applies,applies,review,7,7,very_low,very_low,low,low,very_high,very_high,True,not_required,The model predicts that the executed configuration does not apply.
465479,not_applies,not_applies,review,7,7,very_low,very_low,low,low,very_high,very_high,True,not_required,The model predicts that the executed configuration does not apply.
465479,not_applies,not_applies,review,7,7,low,low,low,low,very_high,very_high,True,not_required,The model predicts that the executed configuration does not apply.
467314,not_applies,not_applies,review,2,2,medium,medium,low,low,low,low,True,not_required,The model predicts that the executed configuration does not apply.
465479,applies,applies,upgrade,7,7,very_low,low,low,low,very_high,very_high,True,pending_new_execution,The execution applies with headroom; evaluate one controlled step.
465479,applies,not_applies,maintain,7,7,low,low,low,low,very_high,very_high,False,not_required,The current configuration applies without sufficient upgrade evidence.
465479,not_applies,not_applies,review,7,7,very_low,very_low,low,low,very_high,very_high,True,not_required,The model predicts that the executed configuration does not apply.
465479,not_applies,not_applies,review,7,7,low,low,low,low,very_high,very_high,True,not_required,The model predicts that the executed configuration does not apply.
465500,not_applies,not_applies,review,,,,,,,,,True,not_required,The model predicts that the executed configuration does not apply.
465500,not_applies,not_applies,review,7,7,very_low,very_low,low,low,very_high,very_high,True,not_required,The model predicts that the executed configuration does not apply.
465500,not_applies,not_applies,review,4,4,very_low,very_low,low,low,medium,medium,True,not_required,The model predicts that the executed configuration does not apply.
465135,not_applies,applies,review,7,7,very_low,very_low,low,low,very_high,very_high,True,not_required,The model predicts that the executed configuration does not apply.
465135,not_applies,applies,review,7,7,very_low,very_low,low,low,very_high,very_high,True,not_required,The model predicts that the executed configuration does not apply.
454448,applies,applies,upgrade,7,7,very_low,very_low,low,low,very_high,very_high,True,pending_new_execution,The execution applies with headroom; evaluate one controlled step.
454448,applies,applies,upgrade,7,7,low,low,low,low,very_high,very_high,True,pending_new_execution,The execution applies with headroom; evaluate one controlled step.
454448,applies,applies,upgrade,7,7,low,low,low,low,very_high,very_high,True,pending_new_execution,The execution applies with headroom; evaluate one controlled step.
458950,applies,applies,upgrade,4,4,low,low,low,low,medium,medium,True,pending_new_execution,The execution applies with headroom; evaluate one controlled step.
458950,applies,applies,maintain,4,4,low,low,low,low,medium,medium,False,not_required,The current configuration applies without sufficient upgrade evidence.
458950,applies,applies,upgrade,4,4,low,low,low,low,medium,medium,True,pending_new_execution,The execution applies with headroom; evaluate one controlled step.
458950,applies,applies,upgrade,4,4,low,low,low,low,medium,medium,True,pending_new_execution,The execution applies with headroom; evaluate one controlled step.
458950,applies,applies,maintain,4,4,low,low,low,low,medium,medium,False,not_required,The current configuration applies without sufficient upgrade evidence.
458950,applies,applies,upgrade,4,4,low,low,low,low,medium,medium,True,pending_new_execution,The execution applies with headroom; evaluate one controlled step.
458950,applies,applies,upgrade,4,4,low,low,low,low,medium,medium,True,pending_new_execution,The execution applies with headroom; evaluate one controlled step.
458950,applies,not_applies,maintain,4,4,low,low,low,low,medium,medium,False,not_required,The current configuration applies without sufficient upgrade evidence.
459470,applies,applies,maintain,4,4,very_low,very_low,low,low,medium,medium,False,not_required,The current configuration applies without sufficient upgrade evidence.
447206,applies,not_applies,maintain,7,7,very_low,very_low,low,low,very_high,very_high,False,not_required,The current configuration applies without sufficient upgrade evidence.
447206,applies,not_applies,maintain,7,7,very_low,very_low,low,low,very_high,very_high,False,not_required,The current configuration applies without sufficient upgrade evidence.
447206,applies,not_applies,maintain,7,7,very_low,very_low,low,low,very_high,very_high,False,not_required,The current configuration applies without sufficient upgrade evidence.
447206,applies,not_applies,maintain,7,7,very_low,very_low,low,low,very_high,very_high,False,not_required,The current configuration applies without sufficient upgrade evidence.
447206,applies,not_applies,maintain,7,7,very_low,very_low,low,low,very_high,very_high,False,not_required,The current configuration applies without sufficient upgrade evidence.
447206,applies,not_applies,maintain,7,7,very_low,very_low,low,low,very_high,very_high,False,not_required,The current configuration applies without sufficient upgrade evidence.
447585,applies,applies,upgrade,1,1,very_low,very_low,low,low,low,low,True,pending_new_execution,The execution applies with headroom; evaluate one controlled step.
447585,applies,applies,upgrade,1,1,very_low,very_low,low,low,low,low,True,pending_new_execution,The execution applies with headroom; evaluate one controlled step.
447585,applies,applies,upgrade,1,1,very_low,very_low,low,low,low,low,True,pending_new_execution,The execution applies with headroom; evaluate one controlled step.
447585,applies,applies,upgrade,1,1,very_low,very_low,low,low,low,low,True,pending_new_execution,The execution applies with headroom; evaluate one controlled step.
447585,applies,applies,upgrade,1,1,very_low,very_low,low,low,low,low,True,pending_new_execution,The execution applies with headroom; evaluate one controlled step.
447585,applies,applies,upgrade,4,4,low,low,low,low,medium,medium,True,pending_new_execution,The execution applies with headroom; evaluate one controlled step.
447585,applies,applies,upgrade,1,1,very_low,very_low,low,low,low,low,True,pending_new_execution,The execution applies with headroom; evaluate one controlled step.
447585,applies,applies,upgrade,7,7,very_low,very_low,medium,medium,very_high,very_high,True,pending_new_execution,The execution applies with headroom; evaluate one controlled step.
447470,not_applies,not_applies,review,7,7,very_low,very_low,low,low,very_high,very_high,True,not_required,The model predicts that the executed configuration does not apply.
447974,not_applies,not_applies,review,2,2,medium,medium,low,low,low,low,True,not_required,The model predicts that the executed configuration does not apply.
447585,applies,applies,upgrade,7,7,very_low,very_low,medium,medium,very_high,very_high,True,pending_new_execution,The execution applies with headroom; evaluate one controlled step.
447585,applies,applies,upgrade,1,1,very_low,very_low,low,low,low,low,True,pending_new_execution,The execution applies with headroom; evaluate one controlled step.
447585,applies,applies,upgrade,1,1,very_low,very_low,low,low,low,low,True,pending_new_execution,The execution applies with headroom; evaluate one controlled step.
447585,applies,applies,upgrade,6,6,high,high,medium,medium,medium,medium,True,pending_new_execution,The execution applies with headroom; evaluate one controlled step.
447650,not_applies,not_applies,review,7,7,very_low,very_low,low,low,very_high,very_high,True,not_required,The model predicts that the executed configuration does not apply.
447840,applies,applies,maintain,7,7,very_low,very_low,low,low,high,high,False,not_required,The current configuration applies without sufficient upgrade evidence.
447643,applies,not_applies,maintain,7,7,very_low,very_low,high,high,medium,medium,False,not_required,The current configuration applies without sufficient upgrade evidence.
447643,applies,not_applies,maintain,7,7,very_low,very_low,high,high,medium,medium,False,not_required,The current configuration applies without sufficient upgrade evidence.
447643,applies,not_applies,maintain,7,7,very_low,very_low,high,high,medium,medium,False,not_required,The current configuration applies without sufficient upgrade evidence.
447643,applies,not_applies,maintain,7,7,very_low,very_low,high,high,medium,medium,False,not_required,The current configuration applies without sufficient upgrade evidence.
447643,not_applies,not_applies,review,7,7,low,low,high,high,medium,medium,True,not_required,The model predicts that the executed configuration does not apply.
447643,not_applies,not_applies,review,7,7,low,low,low,low,very_high,very_high,True,not_required,The model predicts that the executed configuration does not apply.
447643,not_applies,not_applies,review,7,7,low,low,low,low,very_high,very_high,True,not_required,The model predicts that the executed configuration does not apply.
447974,not_applies,not_applies,review,2,2,medium,medium,low,low,low,low,True,not_required,The model predicts that the executed configuration does not apply.
448741,applies,applies,upgrade,7,8,low,medium,medium,medium,high,high,True,pending_new_execution,The execution applies with headroom; evaluate one controlled step.
460295,applies,applies,upgrade,4,7,very_low,very_low,low,low,medium,high,True,pending_new_execution,The execution applies with headroom; evaluate one controlled step.
470347,not_applies,not_applies,review,2,2,medium,medium,low,low,low,low,True,not_required,The model predicts that the executed configuration does not apply.
470347,not_applies,applies,review,2,2,medium,medium,low,low,low,low,True,not_required,The model predicts that the executed configuration does not apply.
470347,not_applies,applies,review,2,2,medium,medium,low,low,low,low,True,not_required,The model predicts that the executed configuration does not apply.
470347,not_applies,applies,review,2,2,medium,medium,low,low,low,low,True,not_required,The model predicts that the executed configuration does not apply.
470035,applies,applies,upgrade,4,4,very_low,very_low,low,low,medium,medium,True,pending_new_execution,The execution applies with headroom; evaluate one controlled step.
470347,not_applies,not_applies,review,2,2,medium,medium,low,low,low,low,True,not_required,The model predicts that the executed configuration does not apply.
470347,not_applies,not_applies,review,1,1,very_low,very_low,low,low,low,low,True,not_required,The model predicts that the executed configuration does not apply.
470347,not_applies,not_applies,review,2,2,medium,medium,low,low,low,low,True,not_required,The model predicts that the executed configuration does not apply.
470347,not_applies,not_applies,review,2,2,medium,medium,low,low,low,low,True,not_required,The model predicts that the executed configuration does not apply.
470347,not_applies,not_applies,review,2,2,medium,medium,low,low,low,low,True,not_required,The model predicts that the executed configuration does not apply.
457067,applies,not_applies,maintain,4,4,very_low,very_low,low,low,medium,medium,False,not_required,The current configuration applies without sufficient upgrade evidence.
457067,applies,not_applies,maintain,4,4,very_low,very_low,low,low,medium,medium,False,not_required,The current configuration applies without sufficient upgrade evidence.
457440,not_applies,not_applies,review,7,7,very_low,very_low,low,low,very_high,very_high,True,not_required,The model predicts that the executed configuration does not apply.
457440,not_applies,not_applies,review,,,,,,,,,True,not_required,The model predicts that the executed configuration does not apply.
457440,not_applies,not_applies,review,7,7,very_low,very_low,low,low,very_high,very_high,True,not_required,The model predicts that the executed configuration does not apply.
457440,not_applies,not_applies,review,4,4,very_low,very_low,low,low,medium,medium,True,not_required,The model predicts that the executed configuration does not apply.
477013,applies,not_applies,maintain,7,7,low,low,low,low,very_high,very_high,False,not_required,The current configuration applies without sufficient upgrade evidence.
477013,applies,not_applies,maintain,7,7,low,low,low,low,very_high,very_high,False,not_required,The current configuration applies without sufficient upgrade evidence.
477013,applies,not_applies,maintain,8,8,medium,medium,medium,medium,high,high,False,not_required,The current configuration applies without sufficient upgrade evidence.
477013,applies,not_applies,maintain,8,8,medium,medium,medium,medium,high,high,False,not_required,The current configuration applies without sufficient upgrade evidence.
476874,applies,applies,upgrade,7,8,low,medium,medium,medium,high,high,True,pending_new_execution,The execution applies with headroom; evaluate one controlled step.
477013,applies,not_applies,maintain,8,8,medium,medium,medium,medium,high,high,False,not_required,The current configuration applies without sufficient upgrade evidence.
476874,applies,applies,upgrade,4,7,very_low,very_low,low,low,medium,high,True,pending_new_execution,The execution applies with headroom; evaluate one controlled step.
476874,applies,applies,upgrade,4,7,very_low,very_low,low,low,medium,high,True,pending_new_execution,The execution applies with headroom; evaluate one controlled step.
476874,applies,applies,upgrade,4,7,very_low,very_low,low,low,medium,high,True,pending_new_execution,The execution applies with headroom; evaluate one controlled step.
476874,applies,applies,maintain,7,7,low,low,medium,medium,high,high,False,not_required,The current configuration applies without sufficient upgrade evidence.
476874,applies,applies,upgrade,7,7,very_low,very_low,low,low,high,high,True,pending_new_execution,The execution applies with headroom; evaluate one controlled step.
456035,not_applies,not_applies,review,4,4,very_low,very_low,low,low,medium,medium,True,not_required,The model predicts that the executed configuration does not apply.
456035,not_applies,not_applies,review,4,4,very_low,very_low,low,low,medium,medium,True,not_required,The model predicts that the executed configuration does not apply.
457440,not_applies,not_applies,review,,,,,,,,,True,not_required,The model predicts that the executed configuration does not apply.
457440,not_applies,not_applies,review,7,7,very_low,very_low,low,low,very_high,very_high,True,not_required,The model predicts that the executed configuration does not apply.
457440,applies,applies,maintain,4,4,very_low,very_low,low,low,medium,medium,False,not_required,The current configuration applies without sufficient upgrade evidence.
455882,not_applies,applies,review,4,4,very_low,very_low,low,low,medium,medium,True,not_required,The model predicts that the executed configuration does not apply.
455882,not_applies,applies,review,1,1,very_low,very_low,low,low,low,low,True,not_required,The model predicts that the executed configuration does not apply.
457440,applies,applies,maintain,,,,,,,,,False,not_required,The current configuration applies without sufficient upgrade evidence.
457440,applies,applies,maintain,7,7,very_low,very_low,low,low,very_high,very_high,False,not_required,The current configuration applies without sufficient upgrade evidence.
456035,not_applies,applies,review,4,4,very_low,very_low,low,low,medium,medium,True,not_required,The model predicts that the executed configuration does not apply.
457440,not_applies,not_applies,review,4,4,very_low,very_low,low,low,medium,medium,True,not_required,The model predicts that the executed configuration does not apply.
456035,not_applies,applies,review,4,4,very_low,very_low,low,low,medium,medium,True,not_required,The model predicts that the executed configuration does not apply.
457440,not_applies,not_applies,review,,,,,,,,,True,not_required,The model predicts that the executed configuration does not apply.
457067,applies,applies,upgrade,4,7,very_low,very_low,low,low,medium,high,True,pending_new_execution,The execution applies with headroom; evaluate one controlled step.
457067,applies,applies,upgrade,4,7,very_low,very_low,low,low,medium,high,True,pending_new_execution,The execution applies with headroom; evaluate one controlled step.
473255,applies,applies,upgrade,4,7,very_low,very_low,low,low,medium,high,True,pending_new_execution,The execution applies with headroom; evaluate one controlled step.
472716,applies,applies,maintain,7,7,very_low,very_low,medium,medium,high,high,False,not_required,The current configuration applies without sufficient upgrade evidence.
476270,applies,applies,maintain,4,4,very_low,very_low,low,low,medium,medium,False,not_required,The current configuration applies without sufficient upgrade evidence.
476270,applies,applies,maintain,4,4,very_low,very_low,low,low,medium,medium,False,not_required,The current configuration applies without sufficient upgrade evidence.
476270,applies,applies,upgrade,4,4,very_low,very_low,low,low,medium,medium,True,pending_new_execution,The execution applies with headroom; evaluate one controlled step.
439464,not_applies,not_applies,review,7,7,very_low,very_low,low,low,very_high,very_high,True,not_required,The model predicts that the executed configuration does not apply.
437023,not_applies,applies,review,4,4,very_low,very_low,low,low,medium,medium,True,not_required,The model predicts that the executed configuration does not apply.
462262,applies,not_applies,maintain,7,7,very_low,very_low,low,low,very_high,very_high,False,not_required,The current configuration applies without sufficient upgrade evidence.
462262,applies,not_applies,maintain,7,7,very_low,very_low,low,low,very_high,very_high,False,not_required,The current configuration applies without sufficient upgrade evidence.
462262,applies,applies,upgrade,7,7,very_low,very_low,low,low,very_high,very_high,True,pending_new_execution,The execution applies with headroom; evaluate one controlled step.
462262,applies,applies,upgrade,7,7,low,low,low,low,very_high,very_high,True,pending_new_execution,The execution applies with headroom; evaluate one controlled step.
462262,applies,applies,upgrade,7,7,low,low,low,low,very_high,very_high,True,pending_new_execution,The execution applies with headroom; evaluate one controlled step.
462262,applies,applies,upgrade,9,9,high,high,medium,medium,very_high,very_high,True,pending_new_execution,The execution applies with headroom; evaluate one controlled step.
463266,not_applies,applies,review,2,2,medium,medium,low,low,low,low,True,not_required,The model predicts that the executed configuration does not apply.
463266,not_applies,not_applies,review,1,1,very_low,very_low,low,low,low,low,True,not_required,The model predicts that the executed configuration does not apply.
463266,not_applies,not_applies,review,2,2,medium,medium,low,low,low,low,True,not_required,The model predicts that the executed configuration does not apply.
497363,not_applies,not_applies,review,3,3,high,high,low,low,low,low,True,not_required,The model predicts that the executed configuration does not apply.
496873,applies,not_applies,maintain,1,1,very_low,very_low,low,low,low,low,False,not_required,The current configuration applies without sufficient upgrade evidence.
496873,applies,not_applies,maintain,1,1,very_low,very_low,low,low,low,low,False,not_required,The current configuration applies without sufficient upgrade evidence.
496873,applies,not_applies,maintain,1,1,very_low,very_low,low,low,low,low,False,not_required,The current configuration applies without sufficient upgrade evidence.
496873,not_applies,not_applies,review,3,3,high,high,low,low,low,low,True,not_required,The model predicts that the executed configuration does not apply.
496873,not_applies,not_applies,review,3,3,high,high,low,low,low,low,True,not_required,The model predicts that the executed configuration does not apply.
496873,not_applies,not_applies,review,3,3,high,high,low,low,low,low,True,not_required,The model predicts that the executed configuration does not apply.
496989,applies,applies,maintain,4,4,very_low,very_low,low,low,medium,medium,False,not_required,The current configuration applies without sufficient upgrade evidence.
496989,applies,applies,upgrade,4,4,very_low,very_low,low,low,medium,medium,True,pending_new_execution,The execution applies with headroom; evaluate one controlled step.
496767,not_applies,not_applies,review,7,7,very_low,very_low,low,low,very_high,very_high,True,not_required,The model predicts that the executed configuration does not apply.
496989,not_applies,not_applies,review,4,4,very_low,very_low,low,low,medium,medium,True,not_required,The model predicts that the executed configuration does not apply.
496989,not_applies,not_applies,review,4,4,very_low,very_low,low,low,medium,medium,True,not_required,The model predicts that the executed configuration does not apply.
497132,not_applies,applies,review,7,7,very_low,very_low,low,low,high,high,True,not_required,The model predicts that the executed configuration does not apply.
497132,not_applies,applies,review,8,8,medium,medium,low,low,high,high,True,not_required,The model predicts that the executed configuration does not apply.
497132,not_applies,not_applies,review,1,1,low,low,low,low,low,low,True,not_required,The model predicts that the executed configuration does not apply.
497132,not_applies,not_applies,review,1,1,low,low,low,low,low,low,True,not_required,The model predicts that the executed configuration does not apply.
497132,not_applies,not_applies,review,1,1,low,low,low,low,low,low,True,not_required,The model predicts that the executed configuration does not apply.
471585,applies,applies,upgrade,9,9,high,high,medium,medium,very_high,very_high,True,pending_new_execution,The execution applies with headroom; evaluate one controlled step.
471585,applies,applies,upgrade,9,9,high,high,medium,medium,very_high,very_high,True,pending_new_execution,The execution applies with headroom; evaluate one controlled step.
471585,applies,applies,upgrade,8,8,medium,medium,medium,medium,very_high,very_high,True,pending_new_execution,The execution applies with headroom; evaluate one controlled step.
471585,applies,not_applies,maintain,7,7,very_low,very_low,low,low,very_high,very_high,False,not_required,The current configuration applies without sufficient upgrade evidence.
471585,applies,applies,maintain,9,9,high,high,medium,medium,very_high,very_high,False,not_required,The current configuration applies without sufficient upgrade evidence.
471585,applies,applies,upgrade,9,9,high,high,medium,medium,very_high,very_high,True,pending_new_execution,The execution applies with headroom; evaluate one controlled step.
471585,applies,applies,upgrade,9,9,high,high,medium,medium,very_high,very_high,True,pending_new_execution,The execution applies with headroom; evaluate one controlled step.
471585,applies,applies,upgrade,7,7,low,low,medium,medium,very_high,very_high,True,pending_new_execution,The execution applies with headroom; evaluate one controlled step.
471585,applies,applies,maintain,7,7,very_low,very_low,low,low,very_high,very_high,False,not_required,The current configuration applies without sufficient upgrade evidence.
471585,applies,not_applies,maintain,7,7,very_low,very_low,low,low,very_high,very_high,False,not_required,The current configuration applies without sufficient upgrade evidence.
471585,not_applies,not_applies,review,7,7,low,low,low,low,very_high,very_high,True,not_required,The model predicts that the executed configuration does not apply.
471585,not_applies,not_applies,review,7,7,low,low,low,low,very_high,very_high,True,not_required,The model predicts that the executed configuration does not apply.
473255,applies,applies,upgrade,4,7,very_low,very_low,low,low,medium,high,True,pending_new_execution,The execution applies with headroom; evaluate one controlled step.
447419,not_applies,applies,review,7,7,very_low,very_low,low,low,high,high,True,not_required,The model predicts that the executed configuration does not apply.
447419,not_applies,applies,review,7,7,very_low,very_low,low,low,high,high,True,not_required,The model predicts that the executed configuration does not apply.
447839,not_applies,not_applies,review,2,2,medium,medium,low,low,low,low,True,not_required,The model predicts that the executed configuration does not apply.
447155,applies,not_applies,maintain,1,1,very_low,very_low,low,low,low,low,False,not_required,The current configuration applies without sufficient upgrade evidence.
447193,not_applies,not_applies,review,2,2,medium,medium,low,low,low,low,True,not_required,The model predicts that the executed configuration does not apply.
447155,applies,not_applies,maintain,6,6,high,high,medium,medium,medium,medium,False,not_required,The current configuration applies without sufficient upgrade evidence.
447193,not_applies,not_applies,review,2,2,medium,medium,low,low,low,low,True,not_required,The model predicts that the executed configuration does not apply.
447193,not_applies,not_applies,review,2,2,medium,medium,low,low,low,low,True,not_required,The model predicts that the executed configuration does not apply.
447155,applies,applies,upgrade,1,1,very_low,very_low,low,low,low,low,True,pending_new_execution,The execution applies with headroom; evaluate one controlled step.
447155,applies,applies,upgrade,1,1,very_low,very_low,low,low,low,low,True,pending_new_execution,The execution applies with headroom; evaluate one controlled step.
447155,applies,applies,upgrade,1,1,very_low,very_low,low,low,low,low,True,pending_new_execution,The execution applies with headroom; evaluate one controlled step.
447155,applies,applies,upgrade,1,1,very_low,very_low,low,low,low,low,True,pending_new_execution,The execution applies with headroom; evaluate one controlled step.
447155,applies,applies,upgrade,4,4,low,low,low,low,medium,medium,True,pending_new_execution,The execution applies with headroom; evaluate one controlled step.
447155,applies,applies,upgrade,1,1,very_low,very_low,low,low,low,low,True,pending_new_execution,The execution applies with headroom; evaluate one controlled step.
447193,applies,not_applies,maintain,1,1,very_low,very_low,low,low,low,low,False,not_required,The current configuration applies without sufficient upgrade evidence.
447193,applies,not_applies,maintain,2,2,medium,medium,low,low,low,low,False,not_required,The current configuration applies without sufficient upgrade evidence.
447206,applies,applies,upgrade,9,9,high,high,medium,medium,very_high,very_high,True,pending_new_execution,The execution applies with headroom; evaluate one controlled step.
447206,applies,applies,upgrade,9,9,high,high,high,high,low,medium,True,pending_new_execution,The execution applies with headroom; evaluate one controlled step.
447206,applies,applies,upgrade,9,9,high,high,medium,medium,very_high,very_high,True,pending_new_execution,The execution applies with headroom; evaluate one controlled step.
447155,applies,applies,upgrade,7,7,very_low,very_low,medium,medium,very_high,very_high,True,pending_new_execution,The execution applies with headroom; evaluate one controlled step.
447193,applies,applies,upgrade,2,5,medium,medium,low,low,low,medium,True,pending_new_execution,The execution applies with headroom; evaluate one controlled step.
447643,not_applies,not_applies,review,7,7,low,low,low,low,very_high,very_high,True,not_required,The model predicts that the executed configuration does not apply.
447193,applies,applies,upgrade,2,5,medium,medium,low,low,low,medium,True,pending_new_execution,The execution applies with headroom; evaluate one controlled step.
447193,applies,applies,upgrade,2,5,medium,medium,low,low,low,medium,True,pending_new_execution,The execution applies with headroom; evaluate one controlled step.
447206,applies,applies,maintain,7,7,low,low,low,low,very_high,very_high,False,not_required,The current configuration applies without sufficient upgrade evidence.
447206,applies,applies,upgrade,7,7,low,low,low,low,very_high,very_high,True,pending_new_execution,The execution applies with headroom; evaluate one controlled step.
447206,applies,applies,maintain,7,7,low,low,low,low,very_high,very_high,False,not_required,The current configuration applies without sufficient upgrade evidence.
447206,applies,applies,upgrade,7,7,low,low,low,low,very_high,very_high,True,pending_new_execution,The execution applies with headroom; evaluate one controlled step.
447206,applies,applies,maintain,7,7,low,low,low,low,high,high,False,not_required,The current configuration applies without sufficient upgrade evidence.
447643,applies,applies,upgrade,7,7,very_low,low,high,high,medium,medium,True,pending_new_execution,The execution applies with headroom; evaluate one controlled step.
447155,applies,applies,upgrade,7,7,very_low,very_low,medium,medium,very_high,very_high,True,pending_new_execution,The execution applies with headroom; evaluate one controlled step.
447155,applies,applies,upgrade,1,1,very_low,very_low,low,low,low,low,True,pending_new_execution,The execution applies with headroom; evaluate one controlled step.
447155,applies,applies,upgrade,1,1,very_low,very_low,low,low,low,low,True,pending_new_execution,The execution applies with headroom; evaluate one controlled step.
447155,applies,applies,upgrade,6,6,high,high,medium,medium,medium,medium,True,pending_new_execution,The execution applies with headroom; evaluate one controlled step.
447206,applies,applies,upgrade,7,7,very_low,very_low,low,low,very_high,very_high,True,pending_new_execution,The execution applies with headroom; evaluate one controlled step.
447206,applies,applies,upgrade,7,7,very_low,very_low,low,low,very_high,very_high,True,pending_new_execution,The execution applies with headroom; evaluate one controlled step.
447206,applies,applies,upgrade,7,7,low,low,low,low,very_high,very_high,True,pending_new_execution,The execution applies with headroom; evaluate one controlled step.
447206,applies,applies,upgrade,7,7,low,low,low,low,very_high,very_high,True,pending_new_execution,The execution applies with headroom; evaluate one controlled step.
447206,applies,applies,upgrade,9,9,high,high,medium,medium,very_high,very_high,True,pending_new_execution,The execution applies with headroom; evaluate one controlled step.
439464,not_applies,not_applies,review,7,7,very_low,very_low,low,low,very_high,very_high,True,not_required,The model predicts that the executed configuration does not apply.
439464,not_applies,not_applies,review,7,7,very_low,very_low,low,low,very_high,very_high,True,not_required,The model predicts that the executed configuration does not apply.
439464,not_applies,not_applies,review,7,7,very_low,very_low,low,low,very_high,very_high,True,not_required,The model predicts that the executed configuration does not apply.
439464,not_applies,not_applies,review,7,7,very_low,very_low,low,low,very_high,very_high,True,not_required,The model predicts that the executed configuration does not apply.
439464,not_applies,not_applies,review,7,7,very_low,very_low,low,low,very_high,very_high,True,not_required,The model predicts that the executed configuration does not apply.
437023,not_applies,applies,review,4,4,very_low,very_low,low,low,medium,medium,True,not_required,The model predicts that the executed configuration does not apply.
463667,not_applies,applies,review,7,7,very_low,very_low,low,low,high,high,True,not_required,The model predicts that the executed configuration does not apply.
463667,not_applies,applies,review,9,9,very_high,very_high,low,low,high,high,True,not_required,The model predicts that the executed configuration does not apply.
490292,applies,applies,maintain,7,7,very_low,very_low,medium,medium,high,high,False,not_required,The current configuration applies without sufficient upgrade evidence.
492202,applies,applies,upgrade,4,4,low,low,low,low,medium,medium,True,pending_new_execution,The execution applies with headroom; evaluate one controlled step.
490292,applies,applies,upgrade,7,7,very_low,very_low,medium,medium,high,high,True,pending_new_execution,The execution applies with headroom; evaluate one controlled step.
443266,applies,applies,upgrade,1,1,very_low,very_low,low,low,low,low,True,pending_new_execution,The execution applies with headroom; evaluate one controlled step.
443266,applies,applies,upgrade,1,1,very_low,very_low,low,low,low,low,True,pending_new_execution,The execution applies with headroom; evaluate one controlled step.
443266,applies,applies,upgrade,4,4,low,low,low,low,medium,medium,True,pending_new_execution,The execution applies with headroom; evaluate one controlled step.
443266,applies,applies,upgrade,1,1,very_low,very_low,low,low,low,low,True,pending_new_execution,The execution applies with headroom; evaluate one controlled step.
443266,applies,applies,maintain,7,7,very_low,very_low,medium,medium,very_high,very_high,False,not_required,The current configuration applies without sufficient upgrade evidence.
443129,not_applies,not_applies,review,7,7,very_low,very_low,low,low,very_high,very_high,True,not_required,The model predicts that the executed configuration does not apply.
493813,not_applies,not_applies,review,7,7,very_low,very_low,low,low,very_high,very_high,True,not_required,The model predicts that the executed configuration does not apply.
493813,not_applies,not_applies,review,7,7,very_low,very_low,low,low,very_high,very_high,True,not_required,The model predicts that the executed configuration does not apply.
493813,not_applies,not_applies,review,7,7,very_low,very_low,low,low,very_high,very_high,True,not_required,The model predicts that the executed configuration does not apply.
493813,not_applies,not_applies,review,7,7,very_low,very_low,low,low,very_high,very_high,True,not_required,The model predicts that the executed configuration does not apply.
493813,not_applies,not_applies,review,7,7,very_low,very_low,low,low,very_high,very_high,True,not_required,The model predicts that the executed configuration does not apply.
493813,not_applies,not_applies,review,7,7,very_low,very_low,low,low,very_high,very_high,True,not_required,The model predicts that the executed configuration does not apply.
493835,not_applies,not_applies,review,7,7,very_low,very_low,low,low,very_high,very_high,True,not_required,The model predicts that the executed configuration does not apply.
493835,not_applies,not_applies,review,7,7,very_low,very_low,low,low,very_high,very_high,True,not_required,The model predicts that the executed configuration does not apply.
493835,not_applies,not_applies,review,7,7,very_low,very_low,low,low,very_high,very_high,True,not_required,The model predicts that the executed configuration does not apply.
494572,not_applies,not_applies,review,7,7,very_low,very_low,low,low,very_high,very_high,True,not_required,The model predicts that the executed configuration does not apply.
494013,not_applies,not_applies,review,7,7,very_low,very_low,low,low,very_high,very_high,True,not_required,The model predicts that the executed configuration does not apply.
494013,not_applies,not_applies,review,7,7,very_low,very_low,low,low,very_high,very_high,True,not_required,The model predicts that the executed configuration does not apply.
494013,not_applies,not_applies,review,7,7,very_low,very_low,low,low,very_high,very_high,True,not_required,The model predicts that the executed configuration does not apply.
464348,not_applies,not_applies,review,7,7,very_low,very_low,low,low,very_high,very_high,True,not_required,The model predicts that the executed configuration does not apply.
464348,not_applies,not_applies,review,7,7,very_low,very_low,low,low,very_high,very_high,True,not_required,The model predicts that the executed configuration does not apply.
487055,not_applies,applies,review,7,7,low,low,medium,medium,very_high,very_high,True,not_required,The model predicts that the executed configuration does not apply.
487055,not_applies,applies,review,9,9,high,high,medium,medium,very_high,very_high,True,not_required,The model predicts that the executed configuration does not apply.
487055,not_applies,applies,review,7,7,very_low,very_low,low,low,very_high,very_high,True,not_required,The model predicts that the executed configuration does not apply.
487055,not_applies,not_applies,review,7,7,very_low,very_low,low,low,very_high,very_high,True,not_required,The model predicts that the executed configuration does not apply.
487055,not_applies,not_applies,review,9,9,high,high,medium,medium,very_high,very_high,True,not_required,The model predicts that the executed configuration does not apply.
487055,not_applies,not_applies,review,8,8,medium,medium,medium,medium,very_high,very_high,True,not_required,The model predicts that the executed configuration does not apply.
487055,not_applies,not_applies,review,9,9,high,high,medium,medium,very_high,very_high,True,not_required,The model predicts that the executed configuration does not apply.
487055,not_applies,not_applies,review,7,7,low,low,low,low,very_high,very_high,True,not_required,The model predicts that the executed configuration does not apply.
487055,not_applies,not_applies,review,7,7,low,low,low,low,very_high,very_high,True,not_required,The model predicts that the executed configuration does not apply.
440441,not_applies,not_applies,review,,,,,,,,,True,not_required,The model predicts that the executed configuration does not apply.
437023,not_applies,applies,review,7,7,very_low,very_low,low,low,high,high,True,not_required,The model predicts that the executed configuration does not apply.
440441,not_applies,not_applies,review,,,,,,,,,True,not_required,The model predicts that the executed configuration does not apply.
440441,not_applies,not_applies,review,7,7,very_low,very_low,low,low,very_high,very_high,True,not_required,The model predicts that the executed configuration does not apply.
437023,not_applies,applies,review,7,7,very_low,very_low,low,low,high,high,True,not_required,The model predicts that the executed configuration does not apply.
437023,not_applies,not_applies,review,7,7,very_low,very_low,low,low,high,high,True,not_required,The model predicts that the executed configuration does not apply.
437023,not_applies,not_applies,review,4,4,very_low,very_low,low,low,medium,medium,True,not_required,The model predicts that the executed configuration does not apply.
437023,not_applies,not_applies,review,4,4,very_low,very_low,low,low,medium,medium,True,not_required,The model predicts that the executed configuration does not apply.
440441,not_applies,not_applies,review,7,7,very_low,very_low,low,low,very_high,very_high,True,not_required,The model predicts that the executed configuration does not apply.
440441,not_applies,not_applies,review,,,,,,,,,True,not_required,The model predicts that the executed configuration does not apply.
440441,not_applies,not_applies,review,7,7,very_low,very_low,low,low,very_high,very_high,True,not_required,The model predicts that the executed configuration does not apply.
440441,not_applies,not_applies,review,4,4,very_low,very_low,low,low,medium,medium,True,not_required,The model predicts that the executed configuration does not apply.
440441,not_applies,not_applies,review,7,7,very_low,very_low,low,low,very_high,very_high,True,not_required,The model predicts that the executed configuration does not apply.
440441,not_applies,not_applies,review,,,,,,,,,True,not_required,The model predicts that the executed configuration does not apply.
445143,not_applies,not_applies,review,7,7,very_low,very_low,low,low,very_high,very_high,True,not_required,The model predicts that the executed configuration does not apply.
445143,not_applies,not_applies,review,7,7,very_low,very_low,low,low,very_high,very_high,True,not_required,The model predicts that the executed configuration does not apply.
445143,not_applies,not_applies,review,7,7,very_low,very_low,low,low,very_high,very_high,True,not_required,The model predicts that the executed configuration does not apply.
445143,not_applies,not_applies,review,7,7,very_low,very_low,low,low,very_high,very_high,True,not_required,The model predicts that the executed configuration does not apply.
445143,not_applies,not_applies,review,7,7,very_low,very_low,low,low,very_high,very_high,True,not_required,The model predicts that the executed configuration does not apply.
462067,applies,applies,upgrade,1,4,low,low,low,low,low,medium,True,pending_new_execution,The execution applies with headroom; evaluate one controlled step.
462067,applies,applies,upgrade,4,4,low,low,low,low,medium,medium,True,pending_new_execution,The execution applies with headroom; evaluate one controlled step.
462262,applies,not_applies,maintain,7,7,very_low,very_low,low,low,very_high,very_high,False,not_required,The current configuration applies without sufficient upgrade evidence.
462067,applies,applies,upgrade,7,7,low,low,low,low,very_high,very_high,True,pending_new_execution,The execution applies with headroom; evaluate one controlled step.
462262,applies,not_applies,maintain,7,7,very_low,very_low,low,low,very_high,very_high,False,not_required,The current configuration applies without sufficient upgrade evidence.
462262,applies,applies,maintain,7,7,low,low,low,low,very_high,very_high,False,not_required,The current configuration applies without sufficient upgrade evidence.
462262,applies,applies,upgrade,7,7,low,low,low,low,very_high,very_high,True,pending_new_execution,The execution applies with headroom; evaluate one controlled step.
462262,applies,applies,maintain,7,7,low,low,low,low,high,high,False,not_required,The current configuration applies without sufficient upgrade evidence.
462262,applies,applies,upgrade,7,7,very_low,very_low,low,low,very_high,very_high,True,pending_new_execution,The execution applies with headroom; evaluate one controlled step.
463266,not_applies,not_applies,review,2,2,medium,medium,low,low,low,low,True,not_required,The model predicts that the executed configuration does not apply.
463266,not_applies,not_applies,review,2,2,medium,medium,low,low,low,low,True,not_required,The model predicts that the executed configuration does not apply.
462262,applies,applies,upgrade,7,7,low,low,low,low,very_high,very_high,True,pending_new_execution,The execution applies with headroom; evaluate one controlled step.
462262,applies,applies,upgrade,7,7,low,low,low,low,very_high,very_high,True,pending_new_execution,The execution applies with headroom; evaluate one controlled step.
489572,not_applies,applies,review,4,4,low,low,low,low,medium,medium,True,not_required,The model predicts that the executed configuration does not apply.
489572,not_applies,applies,review,4,4,low,low,low,low,medium,medium,True,not_required,The model predicts that the executed configuration does not apply.
489572,not_applies,applies,review,4,4,low,low,low,low,medium,medium,True,not_required,The model predicts that the executed configuration does not apply.
490974,applies,not_applies,maintain,8,8,medium,medium,medium,medium,high,high,False,not_required,The current configuration applies without sufficient upgrade evidence.
490974,applies,not_applies,maintain,7,7,very_low,very_low,low,low,very_high,very_high,False,not_required,The current configuration applies without sufficient upgrade evidence.
490974,applies,not_applies,maintain,7,7,low,low,low,low,very_high,very_high,False,not_required,The current configuration applies without sufficient upgrade evidence.
490974,applies,not_applies,maintain,7,7,low,low,low,low,very_high,very_high,False,not_required,The current configuration applies without sufficient upgrade evidence.
490974,applies,not_applies,maintain,8,8,medium,medium,medium,medium,high,high,False,not_required,The current configuration applies without sufficient upgrade evidence.
491945,applies,applies,maintain,7,7,very_low,very_low,medium,medium,high,high,False,not_required,The current configuration applies without sufficient upgrade evidence.
470718,not_applies,applies,review,7,7,very_low,very_low,low,low,very_high,very_high,True,not_required,The model predicts that the executed configuration does not apply.
470718,not_applies,applies,review,7,7,very_low,very_low,low,low,very_high,very_high,True,not_required,The model predicts that the executed configuration does not apply.
470718,not_applies,applies,review,7,7,very_low,very_low,low,low,very_high,very_high,True,not_required,The model predicts that the executed configuration does not apply.
494175,not_applies,not_applies,review,7,7,very_low,very_low,low,low,very_high,very_high,True,not_required,The model predicts that the executed configuration does not apply.
494175,not_applies,not_applies,review,7,7,very_low,very_low,low,low,very_high,very_high,True,not_required,The model predicts that the executed configuration does not apply.
494175,not_applies,not_applies,review,7,7,very_low,very_low,low,low,very_high,very_high,True,not_required,The model predicts that the executed configuration does not apply.
494572,not_applies,not_applies,review,4,4,very_low,very_low,low,low,medium,medium,True,not_required,The model predicts that the executed configuration does not apply.
494572,not_applies,not_applies,review,4,4,very_low,very_low,low,low,medium,medium,True,not_required,The model predicts that the executed configuration does not apply.
494572,not_applies,not_applies,review,4,4,very_low,very_low,low,low,medium,medium,True,not_required,The model predicts that the executed configuration does not apply.
494572,not_applies,not_applies,review,4,4,very_low,very_low,low,low,medium,medium,True,not_required,The model predicts that the executed configuration does not apply.
494572,not_applies,not_applies,review,4,4,very_low,very_low,low,low,medium,medium,True,not_required,The model predicts that the executed configuration does not apply.
494572,not_applies,not_applies,review,4,4,very_low,very_low,low,low,medium,medium,True,not_required,The model predicts that the executed configuration does not apply.
494572,not_applies,not_applies,review,4,4,very_low,very_low,low,low,medium,medium,True,not_required,The model predicts that the executed configuration does not apply.
494572,not_applies,not_applies,review,4,4,very_low,very_low,low,low,medium,medium,True,not_required,The model predicts that the executed configuration does not apply.
494572,not_applies,not_applies,review,7,7,very_low,very_low,low,low,very_high,very_high,True,not_required,The model predicts that the executed configuration does not apply.
494572,not_applies,not_applies,review,4,4,very_low,very_low,low,low,medium,medium,True,not_required,The model predicts that the executed configuration does not apply.
494572,not_applies,not_applies,review,4,4,very_low,very_low,low,low,medium,medium,True,not_required,The model predicts that the executed configuration does not apply.
494572,not_applies,not_applies,review,4,4,very_low,very_low,low,low,medium,medium,True,not_required,The model predicts that the executed configuration does not apply.
494572,not_applies,not_applies,review,4,4,very_low,very_low,low,low,medium,medium,True,not_required,The model predicts that the executed configuration does not apply.
494572,not_applies,not_applies,review,4,4,very_low,very_low,low,low,medium,medium,True,not_required,The model predicts that the executed configuration does not apply.
495358,not_applies,not_applies,review,4,4,very_low,very_low,low,low,medium,medium,True,not_required,The model predicts that the executed configuration does not apply.
495358,not_applies,not_applies,review,4,4,very_low,very_low,low,low,medium,medium,True,not_required,The model predicts that the executed configuration does not apply.
495821,applies,applies,upgrade,4,4,low,low,low,low,medium,medium,True,pending_new_execution,The execution applies with headroom; evaluate one controlled step.
495358,not_applies,not_applies,review,4,4,very_low,very_low,low,low,medium,medium,True,not_required,The model predicts that the executed configuration does not apply.
494572,not_applies,applies,review,4,4,very_low,very_low,low,low,medium,medium,True,not_required,The model predicts that the executed configuration does not apply.
494572,not_applies,not_applies,review,7,7,very_low,very_low,low,low,very_high,very_high,True,not_required,The model predicts that the executed configuration does not apply.
494572,not_applies,not_applies,review,7,7,very_low,very_low,low,low,very_high,very_high,True,not_required,The model predicts that the executed configuration does not apply.
495358,not_applies,not_applies,review,4,4,very_low,very_low,low,low,medium,medium,True,not_required,The model predicts that the executed configuration does not apply.
455882,not_applies,not_applies,review,4,4,very_low,very_low,low,low,medium,medium,True,not_required,The model predicts that the executed configuration does not apply.
455882,not_applies,not_applies,review,1,1,very_low,very_low,low,low,low,low,True,not_required,The model predicts that the executed configuration does not apply.
455882,not_applies,not_applies,review,4,4,very_low,very_low,low,low,medium,medium,True,not_required,The model predicts that the executed configuration does not apply.
455882,not_applies,not_applies,review,1,1,very_low,very_low,low,low,low,low,True,not_required,The model predicts that the executed configuration does not apply.
457440,not_applies,not_applies,review,,,,,,,,,True,not_required,The model predicts that the executed configuration does not apply.
457440,applies,applies,maintain,,,,,,,,,False,not_required,The current configuration applies without sufficient upgrade evidence.
457440,applies,applies,maintain,7,7,very_low,very_low,low,low,very_high,very_high,False,not_required,The current configuration applies without sufficient upgrade evidence.
467314,not_applies,not_applies,review,2,2,medium,medium,low,low,low,low,True,not_required,The model predicts that the executed configuration does not apply.
467314,not_applies,not_applies,review,2,2,medium,medium,low,low,low,low,True,not_required,The model predicts that the executed configuration does not apply.
467314,not_applies,not_applies,review,2,2,medium,medium,low,low,low,low,True,not_required,The model predicts that the executed configuration does not apply.
467314,not_applies,not_applies,review,2,2,medium,medium,low,low,low,low,True,not_required,The model predicts that the executed configuration does not apply.
467314,not_applies,not_applies,review,1,1,very_low,very_low,low,low,low,low,True,not_required,The model predicts that the executed configuration does not apply.
467314,not_applies,not_applies,review,2,2,medium,medium,low,low,low,low,True,not_required,The model predicts that the executed configuration does not apply.
467314,not_applies,not_applies,review,2,2,medium,medium,low,low,low,low,True,not_required,The model predicts that the executed configuration does not apply.
467314,not_applies,not_applies,review,2,2,medium,medium,low,low,low,low,True,not_required,The model predicts that the executed configuration does not apply.
467314,not_applies,not_applies,review,2,2,medium,medium,low,low,low,low,True,not_required,The model predicts that the executed configuration does not apply.
467314,not_applies,not_applies,review,1,1,very_low,very_low,low,low,low,low,True,not_required,The model predicts that the executed configuration does not apply.
467314,not_applies,applies,review,2,2,medium,medium,low,low,low,low,True,not_required,The model predicts that the executed configuration does not apply.
467314,not_applies,applies,review,2,2,medium,medium,low,low,low,low,True,not_required,The model predicts that the executed configuration does not apply.
467314,not_applies,applies,review,2,2,medium,medium,low,low,low,low,True,not_required,The model predicts that the executed configuration does not apply.
467314,not_applies,not_applies,review,1,1,very_low,very_low,low,low,low,low,True,not_required,The model predicts that the executed configuration does not apply.
467314,not_applies,not_applies,review,2,2,medium,medium,low,low,low,low,True,not_required,The model predicts that the executed configuration does not apply.
467724,applies,applies,upgrade,4,4,low,low,low,low,medium,medium,True,pending_new_execution,The execution applies with headroom; evaluate one controlled step.
467724,applies,applies,upgrade,4,4,low,low,low,low,medium,medium,True,pending_new_execution,The execution applies with headroom; evaluate one controlled step.
467724,applies,applies,upgrade,4,4,low,low,low,low,medium,medium,True,pending_new_execution,The execution applies with headroom; evaluate one controlled step.
467724,applies,applies,upgrade,4,4,low,low,low,low,medium,medium,True,pending_new_execution,The execution applies with headroom; evaluate one controlled step.
467724,applies,applies,upgrade,4,4,low,low,low,low,medium,medium,True,pending_new_execution,The execution applies with headroom; evaluate one controlled step.
468337,applies,applies,maintain,8,8,medium,medium,medium,medium,high,high,False,not_required,The current configuration applies without sufficient upgrade evidence.
468337,applies,not_applies,maintain,8,8,medium,medium,medium,medium,high,high,False,not_required,The current configuration applies without sufficient upgrade evidence.
467314,not_applies,not_applies,review,2,2,medium,medium,low,low,low,low,True,not_required,The model predicts that the executed configuration does not apply.
467314,not_applies,applies,review,2,2,medium,medium,low,low,low,low,True,not_required,The model predicts that the executed configuration does not apply.
467724,applies,applies,upgrade,4,4,low,low,low,low,medium,medium,True,pending_new_execution,The execution applies with headroom; evaluate one controlled step.
486551,not_applies,not_applies,review,7,7,low,low,medium,medium,high,high,True,not_required,The model predicts that the executed configuration does not apply.
486551,not_applies,not_applies,review,7,7,low,low,medium,medium,high,high,True,not_required,The model predicts that the executed configuration does not apply.
486551,not_applies,not_applies,review,7,7,low,low,medium,medium,high,high,True,not_required,The model predicts that the executed configuration does not apply.
486551,applies,applies,upgrade,7,8,low,medium,medium,medium,high,high,True,pending_new_execution,The execution applies with headroom; evaluate one controlled step.
486551,applies,applies,upgrade,4,7,very_low,very_low,low,low,medium,high,True,pending_new_execution,The execution applies with headroom; evaluate one controlled step.
486551,applies,applies,upgrade,4,7,very_low,very_low,low,low,medium,high,True,pending_new_execution,The execution applies with headroom; evaluate one controlled step.
486551,applies,applies,upgrade,4,7,very_low,very_low,low,low,medium,high,True,pending_new_execution,The execution applies with headroom; evaluate one controlled step.
486551,applies,not_applies,maintain,4,4,very_low,very_low,low,low,medium,medium,False,not_required,The current configuration applies without sufficient upgrade evidence.
486551,applies,not_applies,maintain,4,4,very_low,very_low,low,low,medium,medium,False,not_required,The current configuration applies without sufficient upgrade evidence.
487055,not_applies,not_applies,review,7,7,very_low,very_low,low,low,very_high,very_high,True,not_required,The model predicts that the executed configuration does not apply.
487055,not_applies,applies,review,6,6,high,high,medium,medium,medium,medium,True,not_required,The model predicts that the executed configuration does not apply.
487055,not_applies,applies,review,7,7,low,low,medium,medium,very_high,very_high,True,not_required,The model predicts that the executed configuration does not apply.
487055,not_applies,applies,review,9,9,high,high,medium,medium,very_high,very_high,True,not_required,The model predicts that the executed configuration does not apply.
487055,not_applies,applies,review,9,9,high,high,medium,medium,very_high,very_high,True,not_required,The model predicts that the executed configuration does not apply.
447155,applies,not_applies,maintain,1,1,very_low,very_low,low,low,low,low,False,not_required,The current configuration applies without sufficient upgrade evidence.
447155,applies,not_applies,maintain,6,6,high,high,medium,medium,medium,medium,False,not_required,The current configuration applies without sufficient upgrade evidence.
447155,applies,not_applies,maintain,1,1,very_low,very_low,low,low,low,low,False,not_required,The current configuration applies without sufficient upgrade evidence.
447155,applies,not_applies,maintain,1,1,very_low,very_low,low,low,low,low,False,not_required,The current configuration applies without sufficient upgrade evidence.
447155,applies,not_applies,maintain,1,1,very_low,very_low,low,low,low,low,False,not_required,The current configuration applies without sufficient upgrade evidence.
447155,applies,not_applies,maintain,1,1,very_low,very_low,low,low,low,low,False,not_required,The current configuration applies without sufficient upgrade evidence.
447155,applies,not_applies,maintain,7,7,very_low,very_low,medium,medium,very_high,very_high,False,not_required,The current configuration applies without sufficient upgrade evidence.
447193,not_applies,not_applies,review,2,2,medium,medium,low,low,low,low,True,not_required,The model predicts that the executed configuration does not apply.
447193,not_applies,not_applies,review,1,1,very_low,very_low,low,low,low,low,True,not_required,The model predicts that the executed configuration does not apply.
447193,not_applies,not_applies,review,2,2,medium,medium,low,low,low,low,True,not_required,The model predicts that the executed configuration does not apply.
447155,applies,not_applies,maintain,7,7,very_low,very_low,medium,medium,very_high,very_high,False,not_required,The current configuration applies without sufficient upgrade evidence.
447155,applies,not_applies,maintain,1,1,very_low,very_low,low,low,low,low,False,not_required,The current configuration applies without sufficient upgrade evidence.
447643,applies,not_applies,maintain,7,7,very_low,very_low,high,high,medium,medium,False,not_required,The current configuration applies without sufficient upgrade evidence.
447643,applies,not_applies,maintain,7,7,very_low,very_low,high,high,medium,medium,False,not_required,The current configuration applies without sufficient upgrade evidence.
447643,applies,not_applies,maintain,7,7,very_low,very_low,high,high,medium,medium,False,not_required,The current configuration applies without sufficient upgrade evidence.
447643,not_applies,not_applies,review,7,7,low,low,high,high,medium,medium,True,not_required,The model predicts that the executed configuration does not apply.
447643,not_applies,not_applies,review,7,7,low,low,low,low,very_high,very_high,True,not_required,The model predicts that the executed configuration does not apply.
448741,applies,applies,upgrade,4,7,very_low,very_low,low,low,medium,high,True,pending_new_execution,The execution applies with headroom; evaluate one controlled step.
447643,applies,not_applies,maintain,7,7,very_low,very_low,high,high,medium,medium,False,not_required,The current configuration applies without sufficient upgrade evidence.
448741,applies,applies,upgrade,4,7,very_low,very_low,low,low,medium,high,True,pending_new_execution,The execution applies with headroom; evaluate one controlled step.
447155,applies,not_applies,maintain,7,7,very_low,very_low,medium,medium,very_high,very_high,False,not_required,The current configuration applies without sufficient upgrade evidence.
447155,applies,not_applies,maintain,1,1,very_low,very_low,low,low,low,low,False,not_required,The current configuration applies without sufficient upgrade evidence.
447155,applies,not_applies,maintain,1,1,very_low,very_low,low,low,low,low,False,not_required,The current configuration applies without sufficient upgrade evidence.
447155,applies,not_applies,maintain,1,1,very_low,very_low,low,low,low,low,False,not_required,The current configuration applies without sufficient upgrade evidence.
447193,applies,applies,upgrade,2,5,medium,medium,low,low,low,medium,True,pending_new_execution,The execution applies with headroom; evaluate one controlled step.
447155,applies,not_applies,maintain,1,1,very_low,very_low,low,low,low,low,False,not_required,The current configuration applies without sufficient upgrade evidence.
447155,applies,not_applies,maintain,1,1,very_low,very_low,low,low,low,low,False,not_required,The current configuration applies without sufficient upgrade evidence.
447155,applies,not_applies,maintain,1,1,very_low,very_low,low,low,low,low,False,not_required,The current configuration applies without sufficient upgrade evidence.
447155,applies,not_applies,maintain,1,1,very_low,very_low,low,low,low,low,False,not_required,The current configuration applies without sufficient upgrade evidence.
447155,applies,not_applies,maintain,1,1,very_low,very_low,low,low,low,low,False,not_required,The current configuration applies without sufficient upgrade evidence.
444458,applies,applies,maintain,4,4,very_low,very_low,low,low,medium,medium,False,not_required,The current configuration applies without sufficient upgrade evidence.
443266,applies,applies,maintain,7,7,very_low,very_low,medium,medium,very_high,very_high,False,not_required,The current configuration applies without sufficient upgrade evidence.
443266,applies,applies,upgrade,1,1,very_low,very_low,low,low,low,low,True,pending_new_execution,The execution applies with headroom; evaluate one controlled step.
443266,applies,applies,upgrade,1,1,very_low,very_low,low,low,low,low,True,pending_new_execution,The execution applies with headroom; evaluate one controlled step.
443266,applies,applies,maintain,6,6,high,high,medium,medium,medium,medium,False,not_required,The current configuration applies without sufficient upgrade evidence.
495358,not_applies,not_applies,review,4,4,very_low,very_low,low,low,medium,medium,True,not_required,The model predicts that the executed configuration does not apply.
495358,not_applies,not_applies,review,4,4,very_low,very_low,low,low,medium,medium,True,not_required,The model predicts that the executed configuration does not apply.
496161,not_applies,not_applies,review,8,8,medium,medium,low,low,high,high,True,not_required,The model predicts that the executed configuration does not apply.
495358,not_applies,not_applies,review,4,4,very_low,very_low,low,low,medium,medium,True,not_required,The model predicts that the executed configuration does not apply.
495358,not_applies,not_applies,review,4,4,very_low,very_low,low,low,medium,medium,True,not_required,The model predicts that the executed configuration does not apply.
495358,not_applies,not_applies,review,7,7,very_low,very_low,low,low,very_high,very_high,True,not_required,The model predicts that the executed configuration does not apply.
495358,not_applies,applies,review,4,4,very_low,very_low,low,low,medium,medium,True,not_required,The model predicts that the executed configuration does not apply.
495358,not_applies,applies,review,4,4,very_low,very_low,low,low,medium,medium,True,not_required,The model predicts that the executed configuration does not apply.
495358,not_applies,applies,review,4,4,very_low,very_low,low,low,medium,medium,True,not_required,The model predicts that the executed configuration does not apply.
496161,not_applies,not_applies,review,1,1,low,low,low,low,low,low,True,not_required,The model predicts that the executed configuration does not apply.
495876,applies,applies,upgrade,9,9,very_high,very_high,high,high,low,medium,True,pending_new_execution,The execution applies with headroom; evaluate one controlled step.
496161,not_applies,not_applies,review,1,1,low,low,low,low,low,low,True,not_required,The model predicts that the executed configuration does not apply.
495876,applies,applies,upgrade,9,9,very_high,very_high,high,high,medium,medium,True,pending_new_execution,The execution applies with headroom; evaluate one controlled step.
496161,not_applies,not_applies,review,1,1,low,low,low,low,low,low,True,not_required,The model predicts that the executed configuration does not apply.
495821,applies,applies,upgrade,4,4,low,low,low,low,medium,medium,True,pending_new_execution,The execution applies with headroom; evaluate one controlled step.
495821,applies,applies,upgrade,4,4,low,low,low,low,medium,medium,True,pending_new_execution,The execution applies with headroom; evaluate one controlled step.
495821,applies,applies,upgrade,4,4,low,low,low,low,medium,medium,True,pending_new_execution,The execution applies with headroom; evaluate one controlled step.
495821,applies,not_applies,maintain,4,4,low,low,low,low,medium,medium,False,not_required,The current configuration applies without sufficient upgrade evidence.
495821,applies,not_applies,maintain,4,4,low,low,low,low,medium,medium,False,not_required,The current configuration applies without sufficient upgrade evidence.
496873,not_applies,not_applies,review,1,1,low,low,low,low,low,low,True,not_required,The model predicts that the executed configuration does not apply.
496873,applies,not_applies,maintain,1,1,very_low,very_low,low,low,low,low,False,not_required,The current configuration applies without sufficient upgrade evidence.
497363,not_applies,not_applies,review,1,1,low,low,low,low,low,low,True,not_required,The model predicts that the executed configuration does not apply.
497363,applies,not_applies,maintain,1,1,very_low,very_low,low,low,low,low,False,not_required,The current configuration applies without sufficient upgrade evidence.
497363,applies,not_applies,maintain,1,1,very_low,very_low,low,low,low,low,False,not_required,The current configuration applies without sufficient upgrade evidence.
444458,applies,applies,maintain,4,4,very_low,very_low,low,low,medium,medium,False,not_required,The current configuration applies without sufficient upgrade evidence.
445143,not_applies,not_applies,review,7,7,very_low,very_low,low,low,very_high,very_high,True,not_required,The model predicts that the executed configuration does not apply.
446392,not_applies,not_applies,review,7,7,very_low,very_low,low,low,very_high,very_high,True,not_required,The model predicts that the executed configuration does not apply.
446392,not_applies,not_applies,review,7,7,very_low,very_low,low,low,very_high,very_high,True,not_required,The model predicts that the executed configuration does not apply.
485587,not_applies,not_applies,review,1,1,very_low,very_low,low,low,low,low,True,not_required,The model predicts that the executed configuration does not apply.
485587,not_applies,not_applies,review,2,2,medium,medium,low,low,low,low,True,not_required,The model predicts that the executed configuration does not apply.
480245,not_applies,not_applies,review,4,4,very_low,very_low,low,low,medium,medium,True,not_required,The model predicts that the executed configuration does not apply.
480245,not_applies,not_applies,review,4,4,very_low,very_low,low,low,medium,medium,True,not_required,The model predicts that the executed configuration does not apply.
480245,applies,applies,upgrade,4,7,very_low,very_low,low,low,medium,high,True,pending_new_execution,The execution applies with headroom; evaluate one controlled step.
480245,applies,applies,upgrade,4,7,very_low,very_low,low,low,medium,high,True,pending_new_execution,The execution applies with headroom; evaluate one controlled step.
480245,not_applies,not_applies,review,4,4,very_low,very_low,low,low,medium,medium,True,not_required,The model predicts that the executed configuration does not apply.
480245,not_applies,not_applies,review,7,7,low,low,medium,medium,high,high,True,not_required,The model predicts that the executed configuration does not apply.
480245,not_applies,not_applies,review,7,7,very_low,very_low,low,low,high,high,True,not_required,The model predicts that the executed configuration does not apply.
480245,not_applies,not_applies,review,7,7,low,low,medium,medium,high,high,True,not_required,The model predicts that the executed configuration does not apply.
480245,not_applies,not_applies,review,7,7,low,low,medium,medium,high,high,True,not_required,The model predicts that the executed configuration does not apply.
480245,not_applies,not_applies,review,7,7,low,low,medium,medium,high,high,True,not_required,The model predicts that the executed configuration does not apply.
480245,not_applies,not_applies,review,4,4,very_low,very_low,low,low,medium,medium,True,not_required,The model predicts that the executed configuration does not apply.
440888,not_applies,not_applies,review,7,7,very_low,very_low,low,low,very_high,very_high,True,not_required,The model predicts that the executed configuration does not apply.
483179,not_applies,applies,review,7,7,very_low,very_low,low,low,high,high,True,not_required,The model predicts that the executed configuration does not apply.
483042,not_applies,not_applies,review,7,7,low,low,medium,medium,high,high,True,not_required,The model predicts that the executed configuration does not apply.
483042,not_applies,not_applies,review,7,7,low,low,medium,medium,high,high,True,not_required,The model predicts that the executed configuration does not apply.
483042,not_applies,not_applies,review,7,7,low,low,medium,medium,high,high,True,not_required,The model predicts that the executed configuration does not apply.
483042,not_applies,not_applies,review,4,4,very_low,very_low,low,low,medium,medium,True,not_required,The model predicts that the executed configuration does not apply.
483042,not_applies,not_applies,review,4,4,very_low,very_low,low,low,medium,medium,True,not_required,The model predicts that the executed configuration does not apply.
484091,not_applies,not_applies,review,9,9,high,high,medium,medium,high,high,True,not_required,The model predicts that the executed configuration does not apply.
484091,not_applies,not_applies,review,9,9,high,high,medium,medium,high,high,True,not_required,The model predicts that the executed configuration does not apply.
494047,applies,applies,upgrade,4,7,very_low,very_low,low,low,medium,high,True,pending_new_execution,The execution applies with headroom; evaluate one controlled step.
494047,applies,applies,maintain,4,4,very_low,very_low,low,low,medium,medium,False,not_required,The current configuration applies without sufficient upgrade evidence.
494047,applies,applies,upgrade,5,8,medium,medium,medium,medium,medium,high,True,pending_new_execution,The execution applies with headroom; evaluate one controlled step.
494572,not_applies,not_applies,review,7,7,very_low,very_low,low,low,very_high,very_high,True,not_required,The model predicts that the executed configuration does not apply.
495358,not_applies,not_applies,review,7,7,very_low,very_low,low,low,very_high,very_high,True,not_required,The model predicts that the executed configuration does not apply.
495821,applies,applies,upgrade,4,4,low,low,low,low,medium,medium,True,pending_new_execution,The execution applies with headroom; evaluate one controlled step.
464348,not_applies,applies,review,7,7,very_low,very_low,low,low,very_high,very_high,True,not_required,The model predicts that the executed configuration does not apply.
464348,not_applies,not_applies,review,7,7,very_low,very_low,low,low,very_high,very_high,True,not_required,The model predicts that the executed configuration does not apply.
464237,not_applies,applies,review,9,9,very_high,very_high,low,low,high,high,True,not_required,The model predicts that the executed configuration does not apply.
464348,not_applies,applies,review,7,7,very_low,very_low,low,low,very_high,very_high,True,not_required,The model predicts that the executed configuration does not apply.
464348,not_applies,applies,review,7,7,very_low,very_low,low,low,very_high,very_high,True,not_required,The model predicts that the executed configuration does not apply.
473383,applies,applies,maintain,4,4,very_low,very_low,low,low,medium,medium,False,not_required,The current configuration applies without sufficient upgrade evidence.
474212,applies,not_applies,maintain,7,7,very_low,very_low,medium,medium,high,high,False,not_required,The current configuration applies without sufficient upgrade evidence.
437023,not_applies,not_applies,review,7,7,very_low,very_low,low,low,high,high,True,not_required,The model predicts that the executed configuration does not apply.
440441,not_applies,not_applies,review,4,4,very_low,very_low,low,low,medium,medium,True,not_required,The model predicts that the executed configuration does not apply.
440441,not_applies,not_applies,review,7,7,very_low,very_low,low,low,very_high,very_high,True,not_required,The model predicts that the executed configuration does not apply.
440441,not_applies,not_applies,review,,,,,,,,,True,not_required,The model predicts that the executed configuration does not apply.
440441,not_applies,not_applies,review,,,,,,,,,True,not_required,The model predicts that the executed configuration does not apply.
440441,not_applies,not_applies,review,,,,,,,,,True,not_required,The model predicts that the executed configuration does not apply.
440441,not_applies,not_applies,review,4,4,very_low,very_low,low,low,medium,medium,True,not_required,The model predicts that the executed configuration does not apply.
440441,not_applies,not_applies,review,7,7,very_low,very_low,low,low,very_high,very_high,True,not_required,The model predicts that the executed configuration does not apply.
440441,not_applies,not_applies,review,4,4,very_low,very_low,low,low,medium,medium,True,not_required,The model predicts that the executed configuration does not apply.
440441,not_applies,not_applies,review,7,7,very_low,very_low,low,low,very_high,very_high,True,not_required,The model predicts that the executed configuration does not apply.
440441,not_applies,not_applies,review,,,,,,,,,True,not_required,The model predicts that the executed configuration does not apply.
440441,not_applies,not_applies,review,7,7,very_low,very_low,low,low,very_high,very_high,True,not_required,The model predicts that the executed configuration does not apply.
440853,applies,applies,maintain,4,4,very_low,very_low,low,low,medium,medium,False,not_required,The current configuration applies without sufficient upgrade evidence.
441156,not_applies,not_applies,review,7,7,very_low,very_low,low,low,very_high,very_high,True,not_required,The model predicts that the executed configuration does not apply.
440869,not_applies,not_applies,review,1,1,very_low,very_low,low,low,low,low,True,not_required,The model predicts that the executed configuration does not apply.
440869,not_applies,not_applies,review,4,4,very_low,very_low,low,low,medium,medium,True,not_required,The model predicts that the executed configuration does not apply.
440869,not_applies,not_applies,review,4,4,very_low,very_low,low,low,medium,medium,True,not_required,The model predicts that the executed configuration does not apply.
476779,not_applies,not_applies,review,4,4,very_low,very_low,low,low,medium,medium,True,not_required,The model predicts that the executed configuration does not apply.
476874,applies,not_applies,maintain,4,4,very_low,very_low,low,low,medium,medium,False,not_required,The current configuration applies without sufficient upgrade evidence.
476779,not_applies,not_applies,review,7,7,very_low,very_low,low,low,very_high,very_high,True,not_required,The model predicts that the executed configuration does not apply.
476779,not_applies,not_applies,review,,,,,,,,,True,not_required,The model predicts that the executed configuration does not apply.
476779,not_applies,not_applies,review,7,7,very_low,very_low,low,low,very_high,very_high,True,not_required,The model predicts that the executed configuration does not apply.
476874,applies,not_applies,maintain,4,4,very_low,very_low,low,low,medium,medium,False,not_required,The current configuration applies without sufficient upgrade evidence.
476874,not_applies,not_applies,review,7,7,low,low,medium,medium,high,high,True,not_required,The model predicts that the executed configuration does not apply.
476874,not_applies,not_applies,review,7,7,low,low,medium,medium,high,high,True,not_required,The model predicts that the executed configuration does not apply.
476874,not_applies,not_applies,review,7,7,low,low,medium,medium,high,high,True,not_required,The model predicts that the executed configuration does not apply.
476779,not_applies,not_applies,review,7,7,very_low,very_low,low,low,very_high,very_high,True,not_required,The model predicts that the executed configuration does not apply.
476779,not_applies,not_applies,review,,,,,,,,,True,not_required,The model predicts that the executed configuration does not apply.
476779,not_applies,not_applies,review,7,7,very_low,very_low,low,low,very_high,very_high,True,not_required,The model predicts that the executed configuration does not apply.
477013,applies,applies,upgrade,9,9,high,high,high,high,low,low,True,pending_new_execution,The execution applies with headroom; evaluate one controlled step.
477013,applies,not_applies,maintain,7,7,very_low,very_low,low,low,very_high,very_high,False,not_required,The current configuration applies without sufficient upgrade evidence.
477013,applies,not_applies,maintain,8,8,medium,medium,medium,medium,high,high,False,not_required,The current configuration applies without sufficient upgrade evidence.
477013,applies,not_applies,maintain,8,8,medium,medium,medium,medium,high,high,False,not_required,The current configuration applies without sufficient upgrade evidence.
477013,applies,applies,upgrade,9,9,high,high,high,high,low,low,True,pending_new_execution,The execution applies with headroom; evaluate one controlled step.
477013,applies,applies,upgrade,7,7,very_low,low,low,low,very_high,very_high,True,pending_new_execution,The execution applies with headroom; evaluate one controlled step.
477013,applies,not_applies,maintain,7,7,low,low,low,low,very_high,very_high,False,not_required,The current configuration applies without sufficient upgrade evidence.
477013,applies,not_applies,maintain,7,7,low,low,low,low,very_high,very_high,False,not_required,The current configuration applies without sufficient upgrade evidence.
477013,applies,not_applies,maintain,8,8,medium,medium,medium,medium,high,high,False,not_required,The current configuration applies without sufficient upgrade evidence.
477013,applies,not_applies,maintain,7,7,very_low,very_low,low,low,very_high,very_high,False,not_required,The current configuration applies without sufficient upgrade evidence.
477013,applies,applies,maintain,7,7,low,low,low,low,very_high,very_high,False,not_required,The current configuration applies without sufficient upgrade evidence.
477013,applies,not_applies,maintain,8,8,medium,medium,medium,medium,high,high,False,not_required,The current configuration applies without sufficient upgrade evidence.
477013,applies,applies,maintain,7,7,very_low,very_low,low,low,very_high,very_high,False,not_required,The current configuration applies without sufficient upgrade evidence.
477013,applies,not_applies,maintain,8,8,medium,medium,medium,medium,high,high,False,not_required,The current configuration applies without sufficient upgrade evidence.
477013,applies,not_applies,maintain,8,8,medium,medium,medium,medium,high,high,False,not_required,The current configuration applies without sufficient upgrade evidence.
477013,applies,applies,upgrade,9,9,high,high,high,high,low,low,True,pending_new_execution,The execution applies with headroom; evaluate one controlled step.
477013,applies,not_applies,maintain,7,7,very_low,very_low,low,low,very_high,very_high,False,not_required,The current configuration applies without sufficient upgrade evidence.
477013,applies,not_applies,maintain,7,7,low,low,low,low,very_high,very_high,False,not_required,The current configuration applies without sufficient upgrade evidence.
477013,applies,not_applies,maintain,7,7,low,low,low,low,very_high,very_high,False,not_required,The current configuration applies without sufficient upgrade evidence.
477013,applies,not_applies,maintain,8,8,medium,medium,medium,medium,very_high,very_high,False,not_required,The current configuration applies without sufficient upgrade evidence.
477013,applies,not_applies,maintain,7,7,low,low,low,low,very_high,very_high,False,not_required,The current configuration applies without sufficient upgrade evidence.
477013,applies,not_applies,maintain,8,8,medium,medium,medium,medium,high,high,False,not_required,The current configuration applies without sufficient upgrade evidence.
477013,applies,not_applies,maintain,7,7,low,low,low,low,very_high,very_high,False,not_required,The current configuration applies without sufficient upgrade evidence.
477013,applies,not_applies,maintain,7,7,very_low,very_low,low,low,very_high,very_high,False,not_required,The current configuration applies without sufficient upgrade evidence.
477013,applies,applies,maintain,7,7,low,low,low,low,very_high,very_high,False,not_required,The current configuration applies without sufficient upgrade evidence.
477013,applies,applies,maintain,8,8,medium,medium,medium,medium,very_high,very_high,False,not_required,The current configuration applies without sufficient upgrade evidence.
477013,applies,applies,maintain,7,7,low,low,low,low,very_high,very_high,False,not_required,The current configuration applies without sufficient upgrade evidence.
477013,applies,applies,maintain,8,8,medium,medium,medium,medium,high,high,False,not_required,The current configuration applies without sufficient upgrade evidence.
477013,applies,applies,maintain,8,8,medium,medium,medium,medium,high,high,False,not_required,The current configuration applies without sufficient upgrade evidence.
465135,not_applies,applies,review,7,7,very_low,very_low,low,low,very_high,very_high,True,not_required,The model predicts that the executed configuration does not apply.
465500,not_applies,not_applies,review,,,,,,,,,True,not_required,The model predicts that the executed configuration does not apply.
465479,not_applies,not_applies,review,7,7,low,low,low,low,very_high,very_high,True,not_required,The model predicts that the executed configuration does not apply.
467314,not_applies,not_applies,review,2,2,medium,medium,low,low,low,low,True,not_required,The model predicts that the executed configuration does not apply.
465479,not_applies,not_applies,review,7,7,very_low,very_low,low,low,very_high,very_high,True,not_required,The model predicts that the executed configuration does not apply.
465479,not_applies,not_applies,review,7,7,very_low,very_low,low,low,very_high,very_high,True,not_required,The model predicts that the executed configuration does not apply.
465494,not_applies,not_applies,review,4,4,very_low,very_low,low,low,medium,medium,True,not_required,The model predicts that the executed configuration does not apply.
465494,not_applies,not_applies,review,4,4,very_low,very_low,low,low,medium,medium,True,not_required,The model predicts that the executed configuration does not apply.
465479,not_applies,not_applies,review,7,7,very_low,very_low,low,low,very_high,very_high,True,not_required,The model predicts that the executed configuration does not apply.
465479,not_applies,not_applies,review,7,7,low,low,low,low,very_high,very_high,True,not_required,The model predicts that the executed configuration does not apply.
465494,not_applies,not_applies,review,4,4,very_low,very_low,low,low,medium,medium,True,not_required,The model predicts that the executed configuration does not apply.
465479,not_applies,not_applies,review,7,7,low,low,low,low,very_high,very_high,True,not_required,The model predicts that the executed configuration does not apply.
465479,not_applies,not_applies,review,7,7,very_low,very_low,low,low,very_high,very_high,True,not_required,The model predicts that the executed configuration does not apply.
465479,not_applies,not_applies,review,7,7,low,low,low,low,very_high,very_high,True,not_required,The model predicts that the executed configuration does not apply.
465479,not_applies,not_applies,review,7,7,very_low,very_low,low,low,very_high,very_high,True,not_required,The model predicts that the executed configuration does not apply.
465479,not_applies,not_applies,review,7,7,low,low,low,low,very_high,very_high,True,not_required,The model predicts that the executed configuration does not apply.
462067,not_applies,not_applies,review,9,9,high,high,high,high,high,high,True,not_required,The model predicts that the executed configuration does not apply.
462067,not_applies,not_applies,review,4,4,low,low,low,low,medium,medium,True,not_required,The model predicts that the executed configuration does not apply.
462067,not_applies,not_applies,review,1,1,low,low,low,low,low,low,True,not_required,The model predicts that the executed configuration does not apply.
462262,applies,not_applies,maintain,7,7,very_low,very_low,low,low,very_high,very_high,False,not_required,The current configuration applies without sufficient upgrade evidence.
462262,applies,not_applies,maintain,7,7,very_low,very_low,low,low,very_high,very_high,False,not_required,The current configuration applies without sufficient upgrade evidence.
462811,not_applies,applies,review,4,4,low,low,low,low,medium,medium,True,not_required,The model predicts that the executed configuration does not apply.
467724,applies,applies,upgrade,4,4,low,low,low,low,medium,medium,True,pending_new_execution,The execution applies with headroom; evaluate one controlled step.
462067,not_applies,not_applies,review,9,9,high,high,high,high,high,high,True,not_required,The model predicts that the executed configuration does not apply.
462067,not_applies,not_applies,review,4,4,low,low,low,low,medium,medium,True,not_required,The model predicts that the executed configuration does not apply.
462067,not_applies,not_applies,review,1,1,low,low,low,low,low,low,True,not_required,The model predicts that the executed configuration does not apply.
462067,not_applies,not_applies,review,1,1,low,low,low,low,low,low,True,not_required,The model predicts that the executed configuration does not apply.
463266,not_applies,not_applies,review,1,1,very_low,very_low,low,low,low,low,True,not_required,The model predicts that the executed configuration does not apply.
462067,not_applies,not_applies,review,7,7,low,low,low,low,very_high,very_high,True,not_required,The model predicts that the executed configuration does not apply.
463266,not_applies,not_applies,review,2,2,medium,medium,low,low,low,low,True,not_required,The model predicts that the executed configuration does not apply.
479170,applies,not_applies,maintain,4,4,very_low,very_low,low,low,medium,medium,False,not_required,The current configuration applies without sufficient upgrade evidence.
479170,applies,not_applies,maintain,4,4,very_low,very_low,low,low,medium,medium,False,not_required,The current configuration applies without sufficient upgrade evidence.
479170,applies,not_applies,maintain,4,4,very_low,very_low,low,low,medium,medium,False,not_required,The current configuration applies without sufficient upgrade evidence.
478133,applies,not_applies,maintain,1,1,very_low,very_low,low,low,low,low,False,not_required,The current configuration applies without sufficient upgrade evidence.
478133,applies,not_applies,maintain,2,2,medium,medium,low,low,low,low,False,not_required,The current configuration applies without sufficient upgrade evidence.
479170,applies,not_applies,maintain,4,4,very_low,very_low,low,low,medium,medium,False,not_required,The current configuration applies without sufficient upgrade evidence.
479170,applies,not_applies,maintain,4,4,very_low,very_low,low,low,medium,medium,False,not_required,The current configuration applies without sufficient upgrade evidence.
483015,not_applies,not_applies,review,7,7,very_low,very_low,low,low,high,high,True,not_required,The model predicts that the executed configuration does not apply.
483015,not_applies,not_applies,review,7,7,low,low,medium,medium,high,high,True,not_required,The model predicts that the executed configuration does not apply.
483042,not_applies,not_applies,review,4,4,very_low,very_low,low,low,medium,medium,True,not_required,The model predicts that the executed configuration does not apply.
483015,not_applies,not_applies,review,7,7,low,low,medium,medium,high,high,True,not_required,The model predicts that the executed configuration does not apply.
483015,not_applies,not_applies,review,7,7,low,low,medium,medium,high,high,True,not_required,The model predicts that the executed configuration does not apply.
483015,not_applies,not_applies,review,7,7,low,low,medium,medium,high,high,True,not_required,The model predicts that the executed configuration does not apply.
483015,not_applies,not_applies,review,4,4,very_low,very_low,low,low,medium,medium,True,not_required,The model predicts that the executed configuration does not apply.
483015,not_applies,not_applies,review,4,4,very_low,very_low,low,low,medium,medium,True,not_required,The model predicts that the executed configuration does not apply.
483179,not_applies,applies,review,7,7,very_low,very_low,low,low,high,high,True,not_required,The model predicts that the executed configuration does not apply.
483042,not_applies,not_applies,review,7,7,low,low,medium,medium,high,high,True,not_required,The model predicts that the executed configuration does not apply.
483042,not_applies,not_applies,review,4,4,very_low,very_low,low,low,medium,medium,True,not_required,The model predicts that the executed configuration does not apply.
483042,not_applies,not_applies,review,4,4,very_low,very_low,low,low,medium,medium,True,not_required,The model predicts that the executed configuration does not apply.
483042,not_applies,not_applies,review,7,7,low,low,medium,medium,high,high,True,not_required,The model predicts that the executed configuration does not apply.
483179,not_applies,applies,review,7,7,very_low,very_low,low,low,high,high,True,not_required,The model predicts that the executed configuration does not apply.
483042,not_applies,not_applies,review,4,4,very_low,very_low,low,low,medium,medium,True,not_required,The model predicts that the executed configuration does not apply.
483042,not_applies,not_applies,review,4,4,very_low,very_low,low,low,medium,medium,True,not_required,The model predicts that the executed configuration does not apply.
483042,not_applies,not_applies,review,4,4,very_low,very_low,low,low,medium,medium,True,not_required,The model predicts that the executed configuration does not apply.
484091,applies,applies,maintain,4,4,low,low,low,low,medium,medium,False,not_required,The current configuration applies without sufficient upgrade evidence.
483176,applies,applies,upgrade,7,7,very_low,very_low,low,low,very_high,very_high,True,pending_new_execution,The execution applies with headroom; evaluate one controlled step.
483176,applies,applies,maintain,7,7,very_low,very_low,low,low,very_high,very_high,False,not_required,The current configuration applies without sufficient upgrade evidence.
483176,applies,applies,upgrade,7,7,very_low,very_low,low,low,very_high,very_high,True,pending_new_execution,The execution applies with headroom; evaluate one controlled step.
483042,not_applies,not_applies,review,7,7,low,low,medium,medium,high,high,True,not_required,The model predicts that the executed configuration does not apply.
483042,not_applies,not_applies,review,4,4,very_low,very_low,low,low,medium,medium,True,not_required,The model predicts that the executed configuration does not apply.
483042,not_applies,not_applies,review,4,4,very_low,very_low,low,low,medium,medium,True,not_required,The model predicts that the executed configuration does not apply.
483042,not_applies,not_applies,review,7,7,low,low,medium,medium,high,high,True,not_required,The model predicts that the executed configuration does not apply.
483042,not_applies,not_applies,review,4,4,very_low,very_low,low,low,medium,medium,True,not_required,The model predicts that the executed configuration does not apply.
483042,not_applies,not_applies,review,4,4,very_low,very_low,low,low,medium,medium,True,not_required,The model predicts that the executed configuration does not apply.
483042,not_applies,not_applies,review,4,4,very_low,very_low,low,low,medium,medium,True,not_required,The model predicts that the executed configuration does not apply.
483042,not_applies,not_applies,review,7,7,low,low,medium,medium,high,high,True,not_required,The model predicts that the executed configuration does not apply.
483042,not_applies,not_applies,review,7,7,low,low,medium,medium,high,high,True,not_required,The model predicts that the executed configuration does not apply.
483042,not_applies,not_applies,review,7,7,very_low,very_low,low,low,high,high,True,not_required,The model predicts that the executed configuration does not apply.
483042,not_applies,not_applies,review,7,7,low,low,medium,medium,high,high,True,not_required,The model predicts that the executed configuration does not apply.
483042,not_applies,not_applies,review,7,7,low,low,medium,medium,high,high,True,not_required,The model predicts that the executed configuration does not apply.
483042,not_applies,not_applies,review,7,7,low,low,medium,medium,high,high,True,not_required,The model predicts that the executed configuration does not apply.
483042,not_applies,not_applies,review,4,4,very_low,very_low,low,low,medium,medium,True,not_required,The model predicts that the executed configuration does not apply.
483042,not_applies,not_applies,review,4,4,very_low,very_low,low,low,medium,medium,True,not_required,The model predicts that the executed configuration does not apply.
484091,applies,applies,upgrade,4,8,low,medium,low,medium,medium,high,True,pending_new_execution,The execution applies with headroom; evaluate one controlled step.
484091,applies,applies,upgrade,4,7,very_low,very_low,low,low,medium,high,True,pending_new_execution,The execution applies with headroom; evaluate one controlled step.
454448,applies,applies,upgrade,7,7,low,low,low,low,very_high,very_high,True,pending_new_execution,The execution applies with headroom; evaluate one controlled step.
454448,applies,applies,upgrade,9,9,high,high,medium,medium,very_high,very_high,True,pending_new_execution,The execution applies with headroom; evaluate one controlled step.
454448,applies,applies,upgrade,9,9,high,high,medium,medium,very_high,very_high,True,pending_new_execution,The execution applies with headroom; evaluate one controlled step.
454448,applies,applies,upgrade,9,9,high,high,high,high,low,medium,True,pending_new_execution,The execution applies with headroom; evaluate one controlled step.
454448,applies,applies,upgrade,9,9,high,high,medium,medium,very_high,very_high,True,pending_new_execution,The execution applies with headroom; evaluate one controlled step.
454448,applies,not_applies,maintain,7,7,very_low,very_low,low,low,very_high,very_high,False,not_required,The current configuration applies without sufficient upgrade evidence.
454448,applies,not_applies,maintain,7,7,very_low,very_low,low,low,very_high,very_high,False,not_required,The current configuration applies without sufficient upgrade evidence.
454448,applies,not_applies,maintain,7,7,very_low,very_low,low,low,very_high,very_high,False,not_required,The current configuration applies without sufficient upgrade evidence.
454448,applies,not_applies,maintain,7,7,very_low,very_low,low,low,very_high,very_high,False,not_required,The current configuration applies without sufficient upgrade evidence.
454448,applies,not_applies,maintain,7,7,very_low,very_low,low,low,very_high,very_high,False,not_required,The current configuration applies without sufficient upgrade evidence.
454448,applies,not_applies,maintain,7,7,very_low,very_low,low,low,very_high,very_high,False,not_required,The current configuration applies without sufficient upgrade evidence.
454448,applies,applies,upgrade,7,7,low,low,low,low,very_high,very_high,True,pending_new_execution,The execution applies with headroom; evaluate one controlled step.
454448,applies,applies,upgrade,7,7,low,low,low,low,very_high,very_high,True,pending_new_execution,The execution applies with headroom; evaluate one controlled step.
454448,applies,applies,upgrade,7,7,low,low,low,low,very_high,very_high,True,pending_new_execution,The execution applies with headroom; evaluate one controlled step.
454448,applies,applies,maintain,7,7,low,low,low,low,high,high,False,not_required,The current configuration applies without sufficient upgrade evidence.
454448,applies,applies,upgrade,7,7,very_low,very_low,low,low,very_high,very_high,True,pending_new_execution,The execution applies with headroom; evaluate one controlled step.
459470,applies,applies,upgrade,4,7,very_low,very_low,low,low,medium,high,True,pending_new_execution,The execution applies with headroom; evaluate one controlled step.
459470,applies,applies,maintain,4,4,very_low,very_low,low,low,medium,medium,False,not_required,The current configuration applies without sufficient upgrade evidence.
459470,applies,applies,upgrade,4,4,very_low,very_low,low,low,medium,medium,True,pending_new_execution,The execution applies with headroom; evaluate one controlled step.
459470,applies,applies,upgrade,4,7,very_low,very_low,low,low,medium,high,True,pending_new_execution,The execution applies with headroom; evaluate one controlled step.
459470,applies,applies,maintain,4,4,very_low,very_low,low,low,medium,medium,False,not_required,The current configuration applies without sufficient upgrade evidence.
459899,applies,applies,upgrade,7,7,very_low,very_low,low,low,very_high,very_high,True,pending_new_execution,The execution applies with headroom; evaluate one controlled step.
459470,applies,applies,maintain,4,4,very_low,very_low,low,low,medium,medium,False,not_required,The current configuration applies without sufficient upgrade evidence.
459470,applies,applies,upgrade,4,7,very_low,very_low,low,low,medium,high,True,pending_new_execution,The execution applies with headroom; evaluate one controlled step.
459470,applies,not_applies,maintain,4,4,very_low,very_low,low,low,medium,medium,False,not_required,The current configuration applies without sufficient upgrade evidence.
459899,applies,applies,maintain,7,7,very_low,very_low,low,low,very_high,very_high,False,not_required,The current configuration applies without sufficient upgrade evidence.
459899,applies,applies,maintain,7,7,very_low,very_low,low,low,very_high,very_high,False,not_required,The current configuration applies without sufficient upgrade evidence.
459899,applies,applies,upgrade,7,7,very_low,very_low,low,low,very_high,very_high,True,pending_new_execution,The execution applies with headroom; evaluate one controlled step.
459899,not_applies,not_applies,review,7,7,very_low,very_low,low,low,very_high,very_high,True,not_required,The model predicts that the executed configuration does not apply.
459899,applies,not_applies,maintain,7,7,very_low,very_low,low,low,very_high,very_high,False,not_required,The current configuration applies without sufficient upgrade evidence.
460295,applies,applies,upgrade,4,7,very_low,very_low,low,low,medium,high,True,pending_new_execution,The execution applies with headroom; evaluate one controlled step.
479736,applies,applies,upgrade,1,1,very_low,very_low,low,low,low,low,True,pending_new_execution,The execution applies with headroom; evaluate one controlled step.
478493,applies,applies,maintain,7,7,very_low,very_low,medium,medium,high,high,False,not_required,The current configuration applies without sufficient upgrade evidence.
479736,applies,applies,maintain,7,7,very_low,very_low,medium,medium,very_high,very_high,False,not_required,The current configuration applies without sufficient upgrade evidence.
479736,applies,applies,upgrade,1,1,very_low,very_low,low,low,low,low,True,pending_new_execution,The execution applies with headroom; evaluate one controlled step.
479736,applies,applies,upgrade,1,1,very_low,very_low,low,low,low,low,True,pending_new_execution,The execution applies with headroom; evaluate one controlled step.
479736,applies,applies,maintain,6,6,high,high,medium,medium,medium,medium,False,not_required,The current configuration applies without sufficient upgrade evidence.
482017,applies,applies,maintain,4,4,low,low,low,low,medium,medium,False,not_required,The current configuration applies without sufficient upgrade evidence.
482017,applies,applies,maintain,4,4,low,low,low,low,medium,medium,False,not_required,The current configuration applies without sufficient upgrade evidence.
481949,applies,applies,maintain,4,4,very_low,very_low,low,low,medium,medium,False,not_required,The current configuration applies without sufficient upgrade evidence.
483042,not_applies,not_applies,review,7,7,low,low,medium,medium,high,high,True,not_required,The model predicts that the executed configuration does not apply.
481949,not_applies,not_applies,review,4,4,very_low,very_low,low,low,medium,medium,True,not_required,The model predicts that the executed configuration does not apply.
483042,not_applies,applies,review,7,7,low,low,medium,medium,high,high,True,not_required,The model predicts that the executed configuration does not apply.
483042,not_applies,not_applies,review,7,7,low,low,medium,medium,high,high,True,not_required,The model predicts that the executed configuration does not apply.
483042,not_applies,not_applies,review,7,7,low,low,medium,medium,high,high,True,not_required,The model predicts that the executed configuration does not apply.
481677,applies,applies,upgrade,4,4,very_low,very_low,low,low,medium,medium,True,pending_new_execution,The execution applies with headroom; evaluate one controlled step.
481677,applies,applies,upgrade,4,7,very_low,very_low,low,low,medium,high,True,pending_new_execution,The execution applies with headroom; evaluate one controlled step.
451595,not_applies,not_applies,review,4,4,low,low,low,low,medium,medium,True,not_required,The model predicts that the executed configuration does not apply.
451595,not_applies,not_applies,review,5,5,medium,medium,low,low,medium,medium,True,not_required,The model predicts that the executed configuration does not apply.
451595,not_applies,not_applies,review,1,1,low,low,low,low,low,low,True,not_required,The model predicts that the executed configuration does not apply.
451595,not_applies,not_applies,review,1,1,low,low,low,low,low,low,True,not_required,The model predicts that the executed configuration does not apply.
484353,applies,applies,maintain,7,7,very_low,very_low,low,low,very_high,very_high,False,not_required,The current configuration applies without sufficient upgrade evidence.
484353,applies,not_applies,maintain,7,7,very_low,very_low,low,low,very_high,very_high,False,not_required,The current configuration applies without sufficient upgrade evidence.
484353,applies,not_applies,maintain,7,7,very_low,very_low,low,low,very_high,very_high,False,not_required,The current configuration applies without sufficient upgrade evidence.
485004,not_applies,not_applies,review,7,7,low,low,medium,medium,very_high,very_high,True,not_required,The model predicts that the executed configuration does not apply.
484419,not_applies,not_applies,review,7,7,low,low,low,low,very_high,very_high,True,not_required,The model predicts that the executed configuration does not apply.
484419,applies,applies,maintain,7,7,very_low,very_low,low,low,very_high,very_high,False,not_required,The current configuration applies without sufficient upgrade evidence.
484419,not_applies,applies,review,9,9,high,high,medium,medium,high,high,True,not_required,The model predicts that the executed configuration does not apply.
484419,not_applies,applies,review,9,9,high,high,medium,medium,high,high,True,not_required,The model predicts that the executed configuration does not apply.
484419,not_applies,not_applies,review,7,7,very_low,very_low,low,low,high,high,True,not_required,The model predicts that the executed configuration does not apply.
484419,not_applies,not_applies,review,7,7,low,low,low,low,high,high,True,not_required,The model predicts that the executed configuration does not apply.
484419,not_applies,not_applies,review,9,9,high,high,medium,medium,high,high,True,not_required,The model predicts that the executed configuration does not apply.
484419,not_applies,not_applies,review,9,9,high,high,medium,medium,high,high,True,not_required,The model predicts that the executed configuration does not apply.
484419,not_applies,not_applies,review,9,9,high,high,medium,medium,high,high,True,not_required,The model predicts that the executed configuration does not apply.
484419,not_applies,not_applies,review,9,9,high,high,medium,medium,high,high,True,not_required,The model predicts that the executed configuration does not apply.
484419,not_applies,not_applies,review,9,9,high,high,medium,medium,high,high,True,not_required,The model predicts that the executed configuration does not apply.
484419,not_applies,not_applies,review,9,9,high,high,medium,medium,high,high,True,not_required,The model predicts that the executed configuration does not apply.
484419,not_applies,not_applies,review,9,9,high,high,medium,medium,high,high,True,not_required,The model predicts that the executed configuration does not apply.
484419,not_applies,not_applies,review,9,9,high,high,medium,medium,high,high,True,not_required,The model predicts that the executed configuration does not apply.
484419,not_applies,not_applies,review,9,9,high,high,medium,medium,high,high,True,not_required,The model predicts that the executed configuration does not apply.
484419,not_applies,not_applies,review,9,9,high,high,medium,medium,high,high,True,not_required,The model predicts that the executed configuration does not apply.
484419,not_applies,not_applies,review,9,9,high,high,medium,medium,high,high,True,not_required,The model predicts that the executed configuration does not apply.
484419,not_applies,not_applies,review,9,9,high,high,medium,medium,high,high,True,not_required,The model predicts that the executed configuration does not apply.
484419,not_applies,not_applies,review,9,9,high,high,medium,medium,high,high,True,not_required,The model predicts that the executed configuration does not apply.
484419,not_applies,not_applies,review,9,9,high,high,medium,medium,high,high,True,not_required,The model predicts that the executed configuration does not apply.
484419,not_applies,not_applies,review,9,9,high,high,medium,medium,high,high,True,not_required,The model predicts that the executed configuration does not apply.
484911,applies,applies,upgrade,4,4,low,low,low,low,medium,medium,True,pending_new_execution,The execution applies with headroom; evaluate one controlled step.
484911,applies,applies,maintain,4,4,low,low,low,low,medium,medium,False,not_required,The current configuration applies without sufficient upgrade evidence.
484911,applies,applies,upgrade,4,4,low,low,low,low,medium,medium,True,pending_new_execution,The execution applies with headroom; evaluate one controlled step.
484911,applies,not_applies,maintain,4,4,low,low,low,low,medium,medium,False,not_required,The current configuration applies without sufficient upgrade evidence.
484911,applies,not_applies,maintain,4,4,low,low,low,low,medium,medium,False,not_required,The current configuration applies without sufficient upgrade evidence.
485004,not_applies,not_applies,review,9,9,high,high,medium,medium,very_high,very_high,True,not_required,The model predicts that the executed configuration does not apply.
481164,applies,not_applies,maintain,4,4,low,low,low,low,medium,medium,False,not_required,The current configuration applies without sufficient upgrade evidence.
480245,applies,applies,upgrade,7,8,low,medium,medium,medium,high,high,True,pending_new_execution,The execution applies with headroom; evaluate one controlled step.
480245,applies,applies,upgrade,4,7,very_low,very_low,low,low,medium,high,True,pending_new_execution,The execution applies with headroom; evaluate one controlled step.
480245,applies,applies,maintain,7,7,low,low,medium,medium,high,high,False,not_required,The current configuration applies without sufficient upgrade evidence.
480245,applies,applies,upgrade,7,7,very_low,very_low,low,low,high,high,True,pending_new_execution,The execution applies with headroom; evaluate one controlled step.
480245,not_applies,not_applies,review,7,7,low,low,medium,medium,high,high,True,not_required,The model predicts that the executed configuration does not apply.
480245,not_applies,not_applies,review,7,7,low,low,medium,medium,high,high,True,not_required,The model predicts that the executed configuration does not apply.
480245,not_applies,not_applies,review,7,7,low,low,medium,medium,high,high,True,not_required,The model predicts that the executed configuration does not apply.
480245,applies,not_applies,maintain,4,4,very_low,very_low,low,low,medium,medium,False,not_required,The current configuration applies without sufficient upgrade evidence.
480245,applies,not_applies,maintain,4,4,very_low,very_low,low,low,medium,medium,False,not_required,The current configuration applies without sufficient upgrade evidence.
481164,applies,applies,maintain,4,4,low,low,low,low,medium,medium,False,not_required,The current configuration applies without sufficient upgrade evidence.
481164,applies,applies,upgrade,4,4,low,low,low,low,medium,medium,True,pending_new_execution,The execution applies with headroom; evaluate one controlled step.
481164,applies,not_applies,maintain,4,4,low,low,low,low,medium,medium,False,not_required,The current configuration applies without sufficient upgrade evidence.
481512,not_applies,not_applies,review,7,7,very_low,very_low,low,low,very_high,very_high,True,not_required,The model predicts that the executed configuration does not apply.
481677,applies,not_applies,maintain,4,4,very_low,very_low,low,low,medium,medium,False,not_required,The current configuration applies without sufficient upgrade evidence.
481512,applies,applies,maintain,7,7,very_low,very_low,low,low,very_high,very_high,False,not_required,The current configuration applies without sufficient upgrade evidence.
481512,applies,applies,maintain,7,7,very_low,very_low,low,low,very_high,very_high,False,not_required,The current configuration applies without sufficient upgrade evidence.
481624,applies,applies,upgrade,7,8,low,medium,medium,medium,high,high,True,pending_new_execution,The execution applies with headroom; evaluate one controlled step.
481949,not_applies,not_applies,review,4,4,very_low,very_low,low,low,medium,medium,True,not_required,The model predicts that the executed configuration does not apply.
481512,applies,applies,maintain,7,7,very_low,very_low,low,low,very_high,very_high,False,not_required,The current configuration applies without sufficient upgrade evidence.
481512,not_applies,not_applies,review,7,7,very_low,very_low,low,low,very_high,very_high,True,not_required,The model predicts that the executed configuration does not apply.
481512,not_applies,not_applies,review,7,7,very_low,very_low,low,low,very_high,very_high,True,not_required,The model predicts that the executed configuration does not apply.
481949,applies,applies,upgrade,4,4,very_low,very_low,low,low,medium,medium,True,pending_new_execution,The execution applies with headroom; evaluate one controlled step.
482366,applies,applies,maintain,7,7,very_low,very_low,medium,medium,high,high,False,not_required,The current configuration applies without sufficient upgrade evidence.
463266,not_applies,applies,review,2,2,medium,medium,low,low,low,low,True,not_required,The model predicts that the executed configuration does not apply.
463266,not_applies,applies,review,2,2,medium,medium,low,low,low,low,True,not_required,The model predicts that the executed configuration does not apply.
463266,not_applies,applies,review,2,2,medium,medium,low,low,low,low,True,not_required,The model predicts that the executed configuration does not apply.
448741,not_applies,not_applies,review,7,7,low,low,medium,medium,high,high,True,not_required,The model predicts that the executed configuration does not apply.
448741,not_applies,not_applies,review,7,7,low,low,medium,medium,high,high,True,not_required,The model predicts that the executed configuration does not apply.
451595,not_applies,not_applies,review,1,1,low,low,low,low,low,low,True,not_required,The model predicts that the executed configuration does not apply.
448741,applies,not_applies,maintain,4,4,very_low,very_low,low,low,medium,medium,False,not_required,The current configuration applies without sufficient upgrade evidence.
448741,applies,not_applies,maintain,4,4,very_low,very_low,low,low,medium,medium,False,not_required,The current configuration applies without sufficient upgrade evidence.
449392,applies,applies,upgrade,4,4,very_low,low,low,low,medium,medium,True,pending_new_execution,The execution applies with headroom; evaluate one controlled step.
449392,applies,applies,upgrade,4,4,very_low,low,low,low,medium,medium,True,pending_new_execution,The execution applies with headroom; evaluate one controlled step.
449180,not_applies,applies,review,7,7,very_low,very_low,low,low,very_high,very_high,True,not_required,The model predicts that the executed configuration does not apply.
449958,not_applies,not_applies,review,7,7,very_low,very_low,low,low,very_high,very_high,True,not_required,The model predicts that the executed configuration does not apply.
477013,applies,applies,maintain,8,8,medium,medium,medium,medium,high,high,False,not_required,The current configuration applies without sufficient upgrade evidence.
477013,applies,not_applies,maintain,8,8,medium,medium,medium,medium,high,high,False,not_required,The current configuration applies without sufficient upgrade evidence.
477013,applies,applies,upgrade,9,9,high,high,high,high,low,low,True,pending_new_execution,The execution applies with headroom; evaluate one controlled step.
477013,applies,applies,maintain,8,8,medium,medium,medium,medium,high,high,False,not_required,The current configuration applies without sufficient upgrade evidence.
477013,applies,applies,upgrade,7,7,very_low,low,low,low,very_high,very_high,True,pending_new_execution,The execution applies with headroom; evaluate one controlled step.
478133,applies,applies,upgrade,2,5,medium,medium,low,low,low,medium,True,pending_new_execution,The execution applies with headroom; evaluate one controlled step.
477013,applies,applies,maintain,7,7,low,low,low,low,very_high,very_high,False,not_required,The current configuration applies without sufficient upgrade evidence.
477013,applies,not_applies,maintain,8,8,medium,medium,medium,medium,high,high,False,not_required,The current configuration applies without sufficient upgrade evidence.
477013,applies,applies,maintain,7,7,very_low,very_low,low,low,very_high,very_high,False,not_required,The current configuration applies without sufficient upgrade evidence.
477013,applies,applies,upgrade,9,9,high,high,high,high,low,low,True,pending_new_execution,The execution applies with headroom; evaluate one controlled step.
477903,not_applies,not_applies,review,7,7,very_low,very_low,low,low,very_high,very_high,True,not_required,The model predicts that the executed configuration does not apply.
478133,applies,applies,upgrade,2,5,medium,medium,low,low,low,medium,True,pending_new_execution,The execution applies with headroom; evaluate one controlled step.
478133,applies,applies,upgrade,2,5,medium,medium,low,low,low,medium,True,pending_new_execution,The execution applies with headroom; evaluate one controlled step.
477903,not_applies,not_applies,review,7,7,very_low,very_low,low,low,very_high,very_high,True,not_required,The model predicts that the executed configuration does not apply.
477903,not_applies,not_applies,review,7,7,very_low,very_low,low,low,very_high,very_high,True,not_required,The model predicts that the executed configuration does not apply.
477013,applies,applies,upgrade,7,7,very_low,low,low,low,very_high,very_high,True,pending_new_execution,The execution applies with headroom; evaluate one controlled step.
477013,applies,applies,maintain,7,7,low,low,low,low,very_high,very_high,False,not_required,The current configuration applies without sufficient upgrade evidence.
477013,applies,applies,maintain,7,7,low,low,low,low,very_high,very_high,False,not_required,The current configuration applies without sufficient upgrade evidence.
477013,applies,applies,maintain,8,8,medium,medium,medium,medium,very_high,very_high,False,not_required,The current configuration applies without sufficient upgrade evidence.
477013,applies,applies,maintain,7,7,low,low,low,low,very_high,very_high,False,not_required,The current configuration applies without sufficient upgrade evidence.
477013,applies,applies,maintain,8,8,medium,medium,medium,medium,high,high,False,not_required,The current configuration applies without sufficient upgrade evidence.
464237,not_applies,applies,review,7,7,very_low,very_low,low,low,high,high,True,not_required,The model predicts that the executed configuration does not apply.
465135,not_applies,applies,review,7,7,very_low,very_low,low,low,very_high,very_high,True,not_required,The model predicts that the executed configuration does not apply.
465500,not_applies,not_applies,review,7,7,very_low,very_low,low,low,very_high,very_high,True,not_required,The model predicts that the executed configuration does not apply.
468337,applies,applies,maintain,8,8,medium,medium,medium,medium,high,high,False,not_required,The current configuration applies without sufficient upgrade evidence.
468337,applies,applies,maintain,8,8,medium,medium,medium,medium,high,high,False,not_required,The current configuration applies without sufficient upgrade evidence.
468337,applies,applies,maintain,7,7,low,low,low,low,very_high,very_high,False,not_required,The current configuration applies without sufficient upgrade evidence.
468337,applies,applies,maintain,8,8,medium,medium,medium,medium,high,high,False,not_required,The current configuration applies without sufficient upgrade evidence.
468337,applies,applies,maintain,7,7,very_low,very_low,low,low,very_high,very_high,False,not_required,The current configuration applies without sufficient upgrade evidence.
468337,applies,applies,upgrade,9,9,high,high,high,high,low,low,True,pending_new_execution,The execution applies with headroom; evaluate one controlled step.
468337,applies,applies,upgrade,7,7,very_low,low,low,low,very_high,very_high,True,pending_new_execution,The execution applies with headroom; evaluate one controlled step.
468337,applies,applies,maintain,7,7,low,low,low,low,very_high,very_high,False,not_required,The current configuration applies without sufficient upgrade evidence.
468337,applies,applies,maintain,7,7,low,low,low,low,very_high,very_high,False,not_required,The current configuration applies without sufficient upgrade evidence.
468337,applies,applies,maintain,8,8,medium,medium,medium,medium,high,high,False,not_required,The current configuration applies without sufficient upgrade evidence.
468337,applies,applies,maintain,7,7,low,low,low,low,very_high,very_high,False,not_required,The current configuration applies without sufficient upgrade evidence.
468337,applies,applies,maintain,8,8,medium,medium,medium,medium,high,high,False,not_required,The current configuration applies without sufficient upgrade evidence.
468337,applies,applies,maintain,7,7,low,low,low,low,very_high,very_high,False,not_required,The current configuration applies without sufficient upgrade evidence.
468337,applies,applies,maintain,8,8,medium,medium,medium,medium,high,high,False,not_required,The current configuration applies without sufficient upgrade evidence.
468337,applies,applies,upgrade,7,7,very_low,low,low,low,very_high,very_high,True,pending_new_execution,The execution applies with headroom; evaluate one controlled step.
469662,not_applies,not_applies,review,7,7,low,low,low,low,very_high,very_high,True,not_required,The model predicts that the executed configuration does not apply.
469662,not_applies,not_applies,review,7,7,low,low,low,low,very_high,very_high,True,not_required,The model predicts that the executed configuration does not apply.
469662,not_applies,not_applies,review,7,7,low,low,low,low,very_high,very_high,True,not_required,The model predicts that the executed configuration does not apply.
469662,not_applies,not_applies,review,7,7,low,low,low,low,very_high,very_high,True,not_required,The model predicts that the executed configuration does not apply.
469662,applies,applies,upgrade,7,7,low,low,low,low,very_high,very_high,True,pending_new_execution,The execution applies with headroom; evaluate one controlled step.
469662,applies,applies,upgrade,7,7,low,low,low,low,very_high,very_high,True,pending_new_execution,The execution applies with headroom; evaluate one controlled step.
469662,applies,applies,upgrade,7,7,low,low,low,low,very_high,very_high,True,pending_new_execution,The execution applies with headroom; evaluate one controlled step.
469662,applies,applies,upgrade,7,7,low,low,low,low,very_high,very_high,True,pending_new_execution,The execution applies with headroom; evaluate one controlled step.
469662,applies,applies,upgrade,7,7,low,low,low,low,high,very_high,True,pending_new_execution,The execution applies with headroom; evaluate one controlled step.
469662,applies,applies,upgrade,7,7,very_low,very_low,low,low,very_high,very_high,True,pending_new_execution,The execution applies with headroom; evaluate one controlled step.
469662,applies,not_applies,maintain,9,9,high,high,medium,medium,very_high,very_high,False,not_required,The current configuration applies without sufficient upgrade evidence.
469662,not_applies,not_applies,review,7,7,very_low,very_low,low,low,very_high,very_high,True,not_required,The model predicts that the executed configuration does not apply.
469662,not_applies,not_applies,review,7,7,very_low,very_low,low,low,very_high,very_high,True,not_required,The model predicts that the executed configuration does not apply.
469662,not_applies,not_applies,review,7,7,very_low,very_low,low,low,very_high,very_high,True,not_required,The model predicts that the executed configuration does not apply.
469662,not_applies,not_applies,review,7,7,very_low,very_low,low,low,very_high,very_high,True,not_required,The model predicts that the executed configuration does not apply.
469662,not_applies,not_applies,review,7,7,very_low,very_low,low,low,very_high,very_high,True,not_required,The model predicts that the executed configuration does not apply.
469662,not_applies,not_applies,review,7,7,very_low,very_low,low,low,very_high,very_high,True,not_required,The model predicts that the executed configuration does not apply.
469662,applies,not_applies,maintain,7,7,low,low,low,low,high,high,False,not_required,The current configuration applies without sufficient upgrade evidence.
469662,applies,not_applies,maintain,7,7,very_low,very_low,low,low,very_high,very_high,False,not_required,The current configuration applies without sufficient upgrade evidence.
469662,applies,not_applies,maintain,7,7,very_low,very_low,low,low,very_high,very_high,False,not_required,The current configuration applies without sufficient upgrade evidence.
469662,not_applies,not_applies,review,7,7,low,low,low,low,very_high,very_high,True,not_required,The model predicts that the executed configuration does not apply.
469662,not_applies,not_applies,review,7,7,low,low,low,low,very_high,very_high,True,not_required,The model predicts that the executed configuration does not apply.
446392,not_applies,not_applies,review,7,7,very_low,very_low,low,low,very_high,very_high,True,not_required,The model predicts that the executed configuration does not apply.
447155,applies,not_applies,maintain,4,4,low,low,low,low,medium,medium,False,not_required,The current configuration applies without sufficient upgrade evidence.
446392,not_applies,not_applies,review,7,7,very_low,very_low,low,low,very_high,very_high,True,not_required,The model predicts that the executed configuration does not apply.
446392,not_applies,not_applies,review,7,7,very_low,very_low,low,low,very_high,very_high,True,not_required,The model predicts that the executed configuration does not apply.
446392,not_applies,not_applies,review,7,7,very_low,very_low,low,low,very_high,very_high,True,not_required,The model predicts that the executed configuration does not apply.
484091,not_applies,not_applies,review,7,7,very_low,very_low,low,low,high,high,True,not_required,The model predicts that the executed configuration does not apply.
484091,not_applies,not_applies,review,9,9,high,high,medium,medium,high,high,True,not_required,The model predicts that the executed configuration does not apply.
484091,not_applies,not_applies,review,9,9,high,high,medium,medium,high,high,True,not_required,The model predicts that the executed configuration does not apply.
484091,not_applies,not_applies,review,9,9,high,high,medium,medium,high,high,True,not_required,The model predicts that the executed configuration does not apply.
484091,applies,applies,upgrade,4,7,very_low,very_low,low,low,medium,high,True,pending_new_execution,The execution applies with headroom; evaluate one controlled step.
484091,not_applies,applies,review,7,7,low,low,low,low,very_high,very_high,True,not_required,The model predicts that the executed configuration does not apply.
484091,applies,applies,upgrade,4,7,very_low,very_low,low,low,medium,high,True,pending_new_execution,The execution applies with headroom; evaluate one controlled step.
484091,not_applies,applies,review,9,9,high,high,medium,medium,high,high,True,not_required,The model predicts that the executed configuration does not apply.
484091,not_applies,not_applies,review,7,7,low,low,low,low,very_high,very_high,True,not_required,The model predicts that the executed configuration does not apply.
484091,applies,applies,upgrade,4,7,low,low,low,low,medium,high,True,pending_new_execution,The execution applies with headroom; evaluate one controlled step.
484091,applies,applies,upgrade,7,8,low,medium,low,medium,high,high,True,pending_new_execution,The execution applies with headroom; evaluate one controlled step.
484091,not_applies,applies,review,9,9,high,high,medium,medium,high,high,True,not_required,The model predicts that the executed configuration does not apply.
484091,not_applies,applies,review,9,9,high,high,medium,medium,high,high,True,not_required,The model predicts that the executed configuration does not apply.
484091,applies,applies,maintain,8,8,medium,medium,medium,medium,high,high,False,not_required,The current configuration applies without sufficient upgrade evidence.
484091,applies,applies,maintain,9,9,high,high,high,high,medium,medium,False,not_required,The current configuration applies without sufficient upgrade evidence.
484091,applies,applies,maintain,4,4,low,low,low,low,medium,medium,False,not_required,The current configuration applies without sufficient upgrade evidence.
484091,applies,not_applies,maintain,4,4,very_low,very_low,low,low,medium,medium,False,not_required,The current configuration applies without sufficient upgrade evidence.
484091,applies,applies,maintain,7,7,low,low,low,low,very_high,very_high,False,not_required,The current configuration applies without sufficient upgrade evidence.
484091,applies,applies,upgrade,4,7,very_low,very_low,low,low,medium,high,True,pending_new_execution,The execution applies with headroom; evaluate one controlled step.
484091,not_applies,applies,review,7,7,low,low,low,low,very_high,very_high,True,not_required,The model predicts that the executed configuration does not apply.
484091,applies,applies,maintain,4,4,very_low,very_low,low,low,medium,medium,False,not_required,The current configuration applies without sufficient upgrade evidence.
484091,not_applies,applies,review,9,9,high,high,medium,medium,high,high,True,not_required,The model predicts that the executed configuration does not apply.
484091,not_applies,not_applies,review,7,7,low,low,low,low,very_high,very_high,True,not_required,The model predicts that the executed configuration does not apply.
484091,applies,applies,upgrade,7,7,low,low,low,low,very_high,very_high,True,pending_new_execution,The execution applies with headroom; evaluate one controlled step.
484091,applies,applies,maintain,7,7,low,low,low,low,high,high,False,not_required,The current configuration applies without sufficient upgrade evidence.
484091,not_applies,applies,review,9,9,high,high,medium,medium,high,high,True,not_required,The model predicts that the executed configuration does not apply.
484091,not_applies,applies,review,9,9,high,high,medium,medium,high,high,True,not_required,The model predicts that the executed configuration does not apply.
484419,applies,applies,maintain,7,7,low,low,low,low,high,high,False,not_required,The current configuration applies without sufficient upgrade evidence.
484419,not_applies,applies,review,9,9,high,high,medium,medium,high,high,True,not_required,The model predicts that the executed configuration does not apply.
484419,applies,applies,maintain,4,4,very_low,very_low,low,low,medium,medium,False,not_required,The current configuration applies without sufficient upgrade evidence.
484419,not_applies,applies,review,7,7,low,low,low,low,very_high,very_high,True,not_required,The model predicts that the executed configuration does not apply.
484419,applies,applies,maintain,4,4,very_low,very_low,low,low,medium,medium,False,not_required,The current configuration applies without sufficient upgrade evidence.
484419,applies,applies,maintain,4,4,low,low,low,low,medium,medium,False,not_required,The current configuration applies without sufficient upgrade evidence.
484419,applies,applies,maintain,8,8,medium,medium,medium,medium,high,high,False,not_required,The current configuration applies without sufficient upgrade evidence.
484419,applies,applies,maintain,9,9,high,high,high,high,medium,medium,False,not_required,The current configuration applies without sufficient upgrade evidence.
484419,applies,applies,maintain,4,4,low,low,low,low,medium,medium,False,not_required,The current configuration applies without sufficient upgrade evidence.
484419,applies,applies,maintain,4,4,very_low,very_low,low,low,medium,medium,False,not_required,The current configuration applies without sufficient upgrade evidence.
484419,applies,applies,upgrade,7,7,low,low,low,low,very_high,very_high,True,pending_new_execution,The execution applies with headroom; evaluate one controlled step.
470035,applies,not_applies,maintain,4,4,very_low,very_low,low,low,medium,medium,False,not_required,The current configuration applies without sufficient upgrade evidence.
470035,applies,not_applies,maintain,4,4,very_low,very_low,low,low,medium,medium,False,not_required,The current configuration applies without sufficient upgrade evidence.
470347,not_applies,applies,review,2,2,medium,medium,low,low,low,low,True,not_required,The model predicts that the executed configuration does not apply.
492993,not_applies,not_applies,review,1,1,low,low,low,low,low,low,True,not_required,The model predicts that the executed configuration does not apply.
492993,applies,not_applies,maintain,1,1,very_low,very_low,low,low,low,low,False,not_required,The current configuration applies without sufficient upgrade evidence.
492993,applies,not_applies,maintain,1,1,very_low,very_low,low,low,low,low,False,not_required,The current configuration applies without sufficient upgrade evidence.
492967,not_applies,not_applies,review,7,7,very_low,very_low,low,low,very_high,very_high,True,not_required,The model predicts that the executed configuration does not apply.
492967,not_applies,not_applies,review,7,7,very_low,very_low,low,low,very_high,very_high,True,not_required,The model predicts that the executed configuration does not apply.
493813,not_applies,not_applies,review,7,7,very_low,very_low,low,low,very_high,very_high,True,not_required,The model predicts that the executed configuration does not apply.
493813,not_applies,not_applies,review,7,7,very_low,very_low,low,low,very_high,very_high,True,not_required,The model predicts that the executed configuration does not apply.
493813,not_applies,not_applies,review,7,7,very_low,very_low,low,low,very_high,very_high,True,not_required,The model predicts that the executed configuration does not apply.
493813,not_applies,not_applies,review,7,7,very_low,very_low,low,low,very_high,very_high,True,not_required,The model predicts that the executed configuration does not apply.
447643,applies,applies,upgrade,7,7,very_low,low,high,high,medium,medium,True,pending_new_execution,The execution applies with headroom; evaluate one controlled step.
447643,applies,applies,upgrade,7,7,very_low,low,high,high,medium,medium,True,pending_new_execution,The execution applies with headroom; evaluate one controlled step.
447643,applies,applies,upgrade,7,7,very_low,low,high,high,medium,medium,True,pending_new_execution,The execution applies with headroom; evaluate one controlled step.
447643,applies,not_applies,maintain,7,7,low,low,high,high,medium,medium,False,not_required,The current configuration applies without sufficient upgrade evidence.
447643,applies,not_applies,maintain,7,7,low,low,low,low,very_high,very_high,False,not_required,The current configuration applies without sufficient upgrade evidence.
447643,applies,not_applies,maintain,7,7,low,low,low,low,very_high,very_high,False,not_required,The current configuration applies without sufficient upgrade evidence.
447839,not_applies,not_applies,review,2,2,medium,medium,low,low,low,low,True,not_required,The model predicts that the executed configuration does not apply.
447840,applies,applies,upgrade,7,7,very_low,very_low,low,low,high,high,True,pending_new_execution,The execution applies with headroom; evaluate one controlled step.
447974,applies,applies,upgrade,2,5,medium,medium,low,low,low,medium,True,pending_new_execution,The execution applies with headroom; evaluate one controlled step.
448741,applies,applies,upgrade,4,7,very_low,very_low,low,low,medium,high,True,pending_new_execution,The execution applies with headroom; evaluate one controlled step.
447974,applies,applies,upgrade,2,5,medium,medium,low,low,low,medium,True,pending_new_execution,The execution applies with headroom; evaluate one controlled step.
448625,not_applies,not_applies,review,7,7,very_low,very_low,low,low,very_high,very_high,True,not_required,The model predicts that the executed configuration does not apply.
448741,applies,applies,upgrade,7,7,low,low,medium,medium,high,high,True,pending_new_execution,The execution applies with headroom; evaluate one controlled step.
448741,applies,applies,upgrade,7,7,very_low,very_low,low,low,high,high,True,pending_new_execution,The execution applies with headroom; evaluate one controlled step.
484266,not_applies,applies,review,7,7,low,low,low,low,very_high,very_high,True,not_required,The model predicts that the executed configuration does not apply.
484419,not_applies,not_applies,review,7,7,low,low,low,low,very_high,very_high,True,not_required,The model predicts that the executed configuration does not apply.
484331,not_applies,not_applies,review,8,8,medium,medium,medium,medium,very_high,very_high,True,not_required,The model predicts that the executed configuration does not apply.
484331,not_applies,not_applies,review,9,9,high,high,medium,medium,very_high,very_high,True,not_required,The model predicts that the executed configuration does not apply.
484266,applies,applies,upgrade,4,8,low,medium,low,medium,medium,high,True,pending_new_execution,The execution applies with headroom; evaluate one controlled step.
484266,applies,applies,maintain,4,4,very_low,very_low,low,low,medium,medium,False,not_required,The current configuration applies without sufficient upgrade evidence.
484266,applies,applies,upgrade,7,7,low,low,low,low,very_high,very_high,True,pending_new_execution,The execution applies with headroom; evaluate one controlled step.
484266,applies,applies,upgrade,4,7,very_low,very_low,low,low,medium,high,True,pending_new_execution,The execution applies with headroom; evaluate one controlled step.
471585,applies,applies,upgrade,7,7,low,low,medium,medium,very_high,very_high,True,pending_new_execution,The execution applies with headroom; evaluate one controlled step.
482366,applies,not_applies,maintain,7,7,very_low,very_low,medium,medium,high,high,False,not_required,The current configuration applies without sufficient upgrade evidence.
482366,applies,not_applies,maintain,7,7,very_low,very_low,medium,medium,high,high,False,not_required,The current configuration applies without sufficient upgrade evidence.
482922,not_applies,not_applies,review,4,4,very_low,very_low,low,low,medium,medium,True,not_required,The model predicts that the executed configuration does not apply.
482922,not_applies,not_applies,review,4,4,very_low,very_low,low,low,medium,medium,True,not_required,The model predicts that the executed configuration does not apply.
483042,not_applies,not_applies,review,7,7,low,low,medium,medium,high,high,True,not_required,The model predicts that the executed configuration does not apply.
483042,not_applies,not_applies,review,7,7,low,low,medium,medium,high,high,True,not_required,The model predicts that the executed configuration does not apply.
483015,not_applies,not_applies,review,4,4,very_low,very_low,low,low,medium,medium,True,not_required,The model predicts that the executed configuration does not apply.
483015,not_applies,not_applies,review,4,4,very_low,very_low,low,low,medium,medium,True,not_required,The model predicts that the executed configuration does not apply.
483015,not_applies,not_applies,review,4,4,very_low,very_low,low,low,medium,medium,True,not_required,The model predicts that the executed configuration does not apply.
483015,not_applies,not_applies,review,7,7,low,low,medium,medium,high,high,True,not_required,The model predicts that the executed configuration does not apply.
483015,not_applies,not_applies,review,7,7,low,low,medium,medium,high,high,True,not_required,The model predicts that the executed configuration does not apply.
483042,not_applies,not_applies,review,4,4,very_low,very_low,low,low,medium,medium,True,not_required,The model predicts that the executed configuration does not apply.
483042,not_applies,not_applies,review,7,7,very_low,very_low,low,low,high,high,True,not_required,The model predicts that the executed configuration does not apply.
483042,not_applies,not_applies,review,7,7,low,low,medium,medium,high,high,True,not_required,The model predicts that the executed configuration does not apply.
483042,not_applies,not_applies,review,7,7,low,low,medium,medium,high,high,True,not_required,The model predicts that the executed configuration does not apply.
483042,not_applies,not_applies,review,7,7,low,low,medium,medium,high,high,True,not_required,The model predicts that the executed configuration does not apply.
483042,not_applies,not_applies,review,4,4,very_low,very_low,low,low,medium,medium,True,not_required,The model predicts that the executed configuration does not apply.
483015,not_applies,not_applies,review,7,7,low,low,medium,medium,high,high,True,not_required,The model predicts that the executed configuration does not apply.
474174,applies,applies,maintain,4,4,very_low,very_low,low,low,medium,medium,False,not_required,The current configuration applies without sufficient upgrade evidence.
474174,applies,applies,maintain,4,4,very_low,very_low,low,low,medium,medium,False,not_required,The current configuration applies without sufficient upgrade evidence.
474174,applies,applies,upgrade,4,4,very_low,very_low,low,low,medium,medium,True,pending_new_execution,The execution applies with headroom; evaluate one controlled step.
485004,not_applies,not_applies,review,9,9,high,high,medium,medium,very_high,very_high,True,not_required,The model predicts that the executed configuration does not apply.
484331,not_applies,applies,review,6,6,high,high,medium,medium,medium,medium,True,not_required,The model predicts that the executed configuration does not apply.
484331,not_applies,applies,review,7,7,low,low,medium,medium,very_high,very_high,True,not_required,The model predicts that the executed configuration does not apply.
484331,not_applies,applies,review,9,9,high,high,medium,medium,very_high,very_high,True,not_required,The model predicts that the executed configuration does not apply.
484331,not_applies,not_applies,review,7,7,very_low,very_low,low,low,very_high,very_high,True,not_required,The model predicts that the executed configuration does not apply.
484331,not_applies,not_applies,review,7,7,low,low,low,low,very_high,very_high,True,not_required,The model predicts that the executed configuration does not apply.
484331,not_applies,not_applies,review,7,7,low,low,low,low,very_high,very_high,True,not_required,The model predicts that the executed configuration does not apply.
484331,not_applies,applies,review,9,9,high,high,medium,medium,very_high,very_high,True,not_required,The model predicts that the executed configuration does not apply.
484331,not_applies,applies,review,7,7,low,low,medium,medium,very_high,very_high,True,not_required,The model predicts that the executed configuration does not apply.
484331,not_applies,applies,review,9,9,high,high,medium,medium,very_high,very_high,True,not_required,The model predicts that the executed configuration does not apply.
484331,not_applies,applies,review,7,7,very_low,very_low,low,low,very_high,very_high,True,not_required,The model predicts that the executed configuration does not apply.
484331,not_applies,not_applies,review,7,7,very_low,very_low,low,low,very_high,very_high,True,not_required,The model predicts that the executed configuration does not apply.
484331,not_applies,not_applies,review,9,9,high,high,medium,medium,very_high,very_high,True,not_required,The model predicts that the executed configuration does not apply.
484266,not_applies,applies,review,7,7,low,low,low,low,very_high,very_high,True,not_required,The model predicts that the executed configuration does not apply.
484266,applies,applies,upgrade,7,7,very_low,low,low,low,very_high,very_high,True,pending_new_execution,The execution applies with headroom; evaluate one controlled step.
484266,not_applies,applies,review,9,9,high,high,medium,medium,high,high,True,not_required,The model predicts that the executed configuration does not apply.
484266,applies,applies,upgrade,8,9,medium,high,medium,medium,high,high,True,pending_new_execution,The execution applies with headroom; evaluate one controlled step.
484266,applies,applies,upgrade,9,9,high,high,high,high,medium,high,True,pending_new_execution,The execution applies with headroom; evaluate one controlled step.
484266,not_applies,not_applies,review,7,7,low,low,low,low,very_high,very_high,True,not_required,The model predicts that the executed configuration does not apply.
484266,applies,applies,upgrade,4,7,low,low,low,low,medium,high,True,pending_new_execution,The execution applies with headroom; evaluate one controlled step.
484266,applies,applies,maintain,7,7,low,low,low,low,high,high,False,not_required,The current configuration applies without sufficient upgrade evidence.
484266,not_applies,applies,review,9,9,high,high,medium,medium,high,high,True,not_required,The model predicts that the executed configuration does not apply.
484266,not_applies,applies,review,9,9,high,high,medium,medium,high,high,True,not_required,The model predicts that the executed configuration does not apply.
484266,not_applies,not_applies,review,9,9,high,high,medium,medium,high,high,True,not_required,The model predicts that the executed configuration does not apply.
484266,not_applies,not_applies,review,9,9,high,high,medium,medium,high,high,True,not_required,The model predicts that the executed configuration does not apply.
484266,not_applies,not_applies,review,9,9,high,high,medium,medium,high,high,True,not_required,The model predicts that the executed configuration does not apply.
484266,not_applies,not_applies,review,7,7,very_low,very_low,low,low,high,high,True,not_required,The model predicts that the executed configuration does not apply.
484266,not_applies,not_applies,review,9,9,high,high,medium,medium,high,high,True,not_required,The model predicts that the executed configuration does not apply.
484266,not_applies,not_applies,review,9,9,high,high,medium,medium,high,high,True,not_required,The model predicts that the executed configuration does not apply.
484266,not_applies,not_applies,review,9,9,high,high,medium,medium,high,high,True,not_required,The model predicts that the executed configuration does not apply.
484266,not_applies,not_applies,review,9,9,high,high,medium,medium,high,high,True,not_required,The model predicts that the executed configuration does not apply.
484266,not_applies,not_applies,review,9,9,high,high,medium,medium,high,high,True,not_required,The model predicts that the executed configuration does not apply.
484419,not_applies,applies,review,9,9,high,high,medium,medium,high,high,True,not_required,The model predicts that the executed configuration does not apply.
484266,not_applies,not_applies,review,7,7,low,low,low,low,high,high,True,not_required,The model predicts that the executed configuration does not apply.
484266,not_applies,not_applies,review,9,9,high,high,medium,medium,high,high,True,not_required,The model predicts that the executed configuration does not apply.
484266,not_applies,not_applies,review,9,9,high,high,medium,medium,high,high,True,not_required,The model predicts that the executed configuration does not apply.
484266,not_applies,not_applies,review,9,9,high,high,medium,medium,high,high,True,not_required,The model predicts that the executed configuration does not apply.
484266,not_applies,not_applies,review,9,9,high,high,medium,medium,high,high,True,not_required,The model predicts that the executed configuration does not apply.
484266,not_applies,not_applies,review,9,9,high,high,medium,medium,high,high,True,not_required,The model predicts that the executed configuration does not apply.
484266,not_applies,not_applies,review,9,9,high,high,medium,medium,high,high,True,not_required,The model predicts that the executed configuration does not apply.
484266,not_applies,not_applies,review,9,9,high,high,medium,medium,high,high,True,not_required,The model predicts that the executed configuration does not apply.
478133,applies,applies,upgrade,2,5,medium,medium,low,low,low,medium,True,pending_new_execution,The execution applies with headroom; evaluate one controlled step.
469662,applies,applies,upgrade,7,7,low,low,low,low,very_high,very_high,True,pending_new_execution,The execution applies with headroom; evaluate one controlled step.
469662,applies,applies,upgrade,7,7,low,low,low,low,very_high,very_high,True,pending_new_execution,The execution applies with headroom; evaluate one controlled step.
469662,applies,applies,upgrade,9,9,high,high,medium,medium,very_high,very_high,True,pending_new_execution,The execution applies with headroom; evaluate one controlled step.
469662,applies,applies,upgrade,9,9,high,high,medium,medium,very_high,very_high,True,pending_new_execution,The execution applies with headroom; evaluate one controlled step.
469662,applies,applies,upgrade,9,9,high,high,high,high,low,medium,True,pending_new_execution,The execution applies with headroom; evaluate one controlled step.
469662,applies,applies,upgrade,9,9,high,high,medium,medium,very_high,very_high,True,pending_new_execution,The execution applies with headroom; evaluate one controlled step.
469662,applies,not_applies,maintain,7,7,very_low,very_low,low,low,very_high,very_high,False,not_required,The current configuration applies without sufficient upgrade evidence.
469662,applies,not_applies,maintain,7,7,very_low,very_low,low,low,very_high,very_high,False,not_required,The current configuration applies without sufficient upgrade evidence.
469662,applies,not_applies,maintain,7,7,very_low,very_low,low,low,very_high,very_high,False,not_required,The current configuration applies without sufficient upgrade evidence.
469662,applies,not_applies,maintain,7,7,very_low,very_low,low,low,very_high,very_high,False,not_required,The current configuration applies without sufficient upgrade evidence.
469662,applies,not_applies,maintain,7,7,very_low,very_low,low,low,very_high,very_high,False,not_required,The current configuration applies without sufficient upgrade evidence.
469662,applies,not_applies,maintain,7,7,very_low,very_low,low,low,very_high,very_high,False,not_required,The current configuration applies without sufficient upgrade evidence.
469700,applies,not_applies,maintain,7,7,very_low,very_low,medium,medium,high,high,False,not_required,The current configuration applies without sufficient upgrade evidence.
469700,applies,not_applies,maintain,7,7,very_low,very_low,medium,medium,high,high,False,not_required,The current configuration applies without sufficient upgrade evidence.
470035,applies,applies,upgrade,4,4,very_low,very_low,low,low,medium,medium,True,pending_new_execution,The execution applies with headroom; evaluate one controlled step.
469700,applies,not_applies,maintain,7,7,very_low,very_low,medium,medium,high,high,False,not_required,The current configuration applies without sufficient upgrade evidence.
478493,applies,applies,maintain,7,7,very_low,very_low,medium,medium,high,high,False,not_required,The current configuration applies without sufficient upgrade evidence.
482069,not_applies,applies,review,7,7,very_low,very_low,low,low,high,high,True,not_required,The model predicts that the executed configuration does not apply.
482069,not_applies,applies,review,4,4,very_low,very_low,low,low,medium,medium,True,not_required,The model predicts that the executed configuration does not apply.
482069,not_applies,applies,review,4,4,very_low,very_low,low,low,medium,medium,True,not_required,The model predicts that the executed configuration does not apply.
484091,not_applies,not_applies,review,9,9,high,high,medium,medium,high,high,True,not_required,The model predicts that the executed configuration does not apply.
484091,not_applies,not_applies,review,9,9,high,high,medium,medium,high,high,True,not_required,The model predicts that the executed configuration does not apply.
484091,not_applies,not_applies,review,9,9,high,high,medium,medium,high,high,True,not_required,The model predicts that the executed configuration does not apply.
484091,not_applies,not_applies,review,9,9,high,high,medium,medium,high,high,True,not_required,The model predicts that the executed configuration does not apply.
484091,not_applies,not_applies,review,9,9,high,high,medium,medium,high,high,True,not_required,The model predicts that the executed configuration does not apply.
484091,not_applies,not_applies,review,9,9,high,high,medium,medium,high,high,True,not_required,The model predicts that the executed configuration does not apply.
484091,not_applies,not_applies,review,9,9,high,high,medium,medium,high,high,True,not_required,The model predicts that the executed configuration does not apply.
484091,not_applies,not_applies,review,9,9,high,high,medium,medium,high,high,True,not_required,The model predicts that the executed configuration does not apply.
484091,not_applies,not_applies,review,7,7,very_low,very_low,low,low,high,high,True,not_required,The model predicts that the executed configuration does not apply.
484091,not_applies,applies,review,7,7,low,low,low,low,very_high,very_high,True,not_required,The model predicts that the executed configuration does not apply.
484091,applies,applies,maintain,7,7,very_low,very_low,low,low,very_high,very_high,False,not_required,The current configuration applies without sufficient upgrade evidence.
484091,not_applies,applies,review,9,9,high,high,medium,medium,high,high,True,not_required,The model predicts that the executed configuration does not apply.
479678,applies,not_applies,maintain,8,8,medium,medium,medium,medium,high,high,False,not_required,The current configuration applies without sufficient upgrade evidence.
479678,applies,not_applies,maintain,8,8,medium,medium,medium,medium,high,high,False,not_required,The current configuration applies without sufficient upgrade evidence.
479678,applies,applies,upgrade,9,9,high,high,high,high,low,low,True,pending_new_execution,The execution applies with headroom; evaluate one controlled step.
479678,applies,not_applies,maintain,7,7,very_low,very_low,low,low,very_high,very_high,False,not_required,The current configuration applies without sufficient upgrade evidence.
479678,applies,not_applies,maintain,7,7,low,low,low,low,very_high,very_high,False,not_required,The current configuration applies without sufficient upgrade evidence.
479678,applies,not_applies,maintain,7,7,low,low,low,low,very_high,very_high,False,not_required,The current configuration applies without sufficient upgrade evidence.
479678,applies,not_applies,maintain,8,8,medium,medium,medium,medium,high,high,False,not_required,The current configuration applies without sufficient upgrade evidence.
479678,applies,not_applies,maintain,7,7,low,low,low,low,very_high,very_high,False,not_required,The current configuration applies without sufficient upgrade evidence.
479678,applies,applies,maintain,8,8,medium,medium,medium,medium,high,high,False,not_required,The current configuration applies without sufficient upgrade evidence.
479678,applies,not_applies,maintain,7,7,very_low,very_low,low,low,very_high,very_high,False,not_required,The current configuration applies without sufficient upgrade evidence.
480245,not_applies,not_applies,review,4,4,very_low,very_low,low,low,medium,medium,True,not_required,The model predicts that the executed configuration does not apply.
477013,applies,applies,maintain,7,7,low,low,low,low,very_high,very_high,False,not_required,The current configuration applies without sufficient upgrade evidence.
477013,applies,applies,maintain,8,8,medium,medium,medium,medium,high,high,False,not_required,The current configuration applies without sufficient upgrade evidence.
477013,applies,applies,maintain,7,7,very_low,very_low,low,low,very_high,very_high,False,not_required,The current configuration applies without sufficient upgrade evidence.
471585,applies,applies,upgrade,6,9,high,high,medium,medium,medium,high,True,pending_new_execution,The execution applies with headroom; evaluate one controlled step.
468337,applies,applies,maintain,7,7,low,low,low,low,very_high,very_high,False,not_required,The current configuration applies without sufficient upgrade evidence.
468337,applies,not_applies,maintain,8,8,medium,medium,medium,medium,high,high,False,not_required,The current configuration applies without sufficient upgrade evidence.
468337,applies,applies,maintain,7,7,low,low,low,low,very_high,very_high,False,not_required,The current configuration applies without sufficient upgrade evidence.
468337,applies,applies,maintain,8,8,medium,medium,medium,medium,high,high,False,not_required,The current configuration applies without sufficient upgrade evidence.
468337,applies,applies,maintain,8,8,medium,medium,medium,medium,high,high,False,not_required,The current configuration applies without sufficient upgrade evidence.
468337,applies,applies,upgrade,9,9,high,high,high,high,low,low,True,pending_new_execution,The execution applies with headroom; evaluate one controlled step.
468337,applies,applies,maintain,7,7,very_low,very_low,low,low,very_high,very_high,False,not_required,The current configuration applies without sufficient upgrade evidence.
468337,applies,applies,maintain,7,7,low,low,low,low,very_high,very_high,False,not_required,The current configuration applies without sufficient upgrade evidence.
469662,applies,applies,upgrade,7,7,very_low,very_low,low,low,very_high,very_high,True,pending_new_execution,The execution applies with headroom; evaluate one controlled step.
469662,applies,not_applies,maintain,9,9,high,high,medium,medium,very_high,very_high,False,not_required,The current configuration applies without sufficient upgrade evidence.
469662,applies,not_applies,maintain,9,9,high,high,high,high,low,low,False,not_required,The current configuration applies without sufficient upgrade evidence.
468337,applies,applies,maintain,8,8,medium,medium,medium,medium,high,high,False,not_required,The current configuration applies without sufficient upgrade evidence.
468337,applies,applies,maintain,7,7,low,low,low,low,very_high,very_high,False,not_required,The current configuration applies without sufficient upgrade evidence.
468337,applies,applies,maintain,8,8,medium,medium,medium,medium,high,high,False,not_required,The current configuration applies without sufficient upgrade evidence.
468337,applies,applies,maintain,7,7,low,low,low,low,very_high,very_high,False,not_required,The current configuration applies without sufficient upgrade evidence.
468337,applies,not_applies,maintain,7,7,low,low,low,low,very_high,very_high,False,not_required,The current configuration applies without sufficient upgrade evidence.
468337,applies,not_applies,maintain,7,7,low,low,low,low,very_high,very_high,False,not_required,The current configuration applies without sufficient upgrade evidence.
468337,applies,not_applies,maintain,8,8,medium,medium,medium,medium,high,high,False,not_required,The current configuration applies without sufficient upgrade evidence.
468337,applies,not_applies,maintain,7,7,low,low,low,low,very_high,very_high,False,not_required,The current configuration applies without sufficient upgrade evidence.
468337,applies,not_applies,maintain,8,8,medium,medium,medium,medium,high,high,False,not_required,The current configuration applies without sufficient upgrade evidence.
468337,applies,not_applies,maintain,7,7,low,low,low,low,very_high,very_high,False,not_required,The current configuration applies without sufficient upgrade evidence.
468337,applies,not_applies,maintain,8,8,medium,medium,medium,medium,high,high,False,not_required,The current configuration applies without sufficient upgrade evidence.
468337,applies,applies,maintain,7,7,very_low,very_low,low,low,very_high,very_high,False,not_required,The current configuration applies without sufficient upgrade evidence.
468337,applies,not_applies,maintain,7,7,very_low,very_low,low,low,very_high,very_high,False,not_required,The current configuration applies without sufficient upgrade evidence.
468337,applies,not_applies,maintain,7,7,low,low,low,low,very_high,very_high,False,not_required,The current configuration applies without sufficient upgrade evidence.
468337,applies,applies,maintain,7,7,low,low,low,low,very_high,very_high,False,not_required,The current configuration applies without sufficient upgrade evidence.
468337,applies,not_applies,maintain,7,7,low,low,low,low,very_high,very_high,False,not_required,The current configuration applies without sufficient upgrade evidence.
468337,applies,not_applies,maintain,8,8,medium,medium,medium,medium,high,high,False,not_required,The current configuration applies without sufficient upgrade evidence.
468337,applies,not_applies,maintain,7,7,low,low,low,low,very_high,very_high,False,not_required,The current configuration applies without sufficient upgrade evidence.
468337,applies,not_applies,maintain,8,8,medium,medium,medium,medium,high,high,False,not_required,The current configuration applies without sufficient upgrade evidence.
468337,applies,applies,maintain,8,8,medium,medium,medium,medium,high,high,False,not_required,The current configuration applies without sufficient upgrade evidence.
468337,applies,applies,maintain,7,7,low,low,low,low,very_high,very_high,False,not_required,The current configuration applies without sufficient upgrade evidence.
468337,applies,applies,maintain,8,8,medium,medium,medium,medium,high,high,False,not_required,The current configuration applies without sufficient upgrade evidence.
468337,applies,not_applies,maintain,8,8,medium,medium,medium,medium,high,high,False,not_required,The current configuration applies without sufficient upgrade evidence.
468337,applies,not_applies,maintain,7,7,very_low,very_low,low,low,very_high,very_high,False,not_required,The current configuration applies without sufficient upgrade evidence.
469662,applies,not_applies,maintain,9,9,high,high,medium,medium,very_high,very_high,False,not_required,The current configuration applies without sufficient upgrade evidence.
478493,applies,not_applies,maintain,7,7,very_low,very_low,medium,medium,high,high,False,not_required,The current configuration applies without sufficient upgrade evidence.
479053,not_applies,not_applies,review,1,1,low,low,low,low,low,low,True,not_required,The model predicts that the executed configuration does not apply.
479053,applies,not_applies,maintain,1,1,very_low,very_low,low,low,low,low,False,not_required,The current configuration applies without sufficient upgrade evidence.
479053,applies,not_applies,maintain,1,1,very_low,very_low,low,low,low,low,False,not_required,The current configuration applies without sufficient upgrade evidence.
479053,applies,not_applies,maintain,1,1,very_low,very_low,low,low,low,low,False,not_required,The current configuration applies without sufficient upgrade evidence.
479053,not_applies,not_applies,review,3,3,high,high,low,low,low,low,True,not_required,The model predicts that the executed configuration does not apply.
479053,not_applies,not_applies,review,3,3,high,high,low,low,low,low,True,not_required,The model predicts that the executed configuration does not apply.
477013,applies,not_applies,maintain,8,8,medium,medium,medium,medium,high,high,False,not_required,The current configuration applies without sufficient upgrade evidence.
477013,applies,applies,maintain,7,7,low,low,low,low,very_high,very_high,False,not_required,The current configuration applies without sufficient upgrade evidence.
476779,not_applies,not_applies,review,,,,,,,,,True,not_required,The model predicts that the executed configuration does not apply.
477013,applies,not_applies,maintain,8,8,medium,medium,medium,medium,very_high,very_high,False,not_required,The current configuration applies without sufficient upgrade evidence.
477013,applies,not_applies,maintain,7,7,low,low,low,low,very_high,very_high,False,not_required,The current configuration applies without sufficient upgrade evidence.
477013,applies,not_applies,maintain,8,8,medium,medium,medium,medium,high,high,False,not_required,The current configuration applies without sufficient upgrade evidence.
477013,applies,not_applies,maintain,7,7,low,low,low,low,very_high,very_high,False,not_required,The current configuration applies without sufficient upgrade evidence.
468337,applies,applies,maintain,8,8,medium,medium,medium,medium,high,high,False,not_required,The current configuration applies without sufficient upgrade evidence.
468337,applies,applies,maintain,7,7,low,low,low,low,very_high,very_high,False,not_required,The current configuration applies without sufficient upgrade evidence.
468337,applies,applies,maintain,8,8,medium,medium,medium,medium,high,high,False,not_required,The current configuration applies without sufficient upgrade evidence.
468337,applies,applies,maintain,7,7,very_low,very_low,low,low,very_high,very_high,False,not_required,The current configuration applies without sufficient upgrade evidence.
468337,applies,not_applies,maintain,9,9,high,high,high,high,low,low,False,not_required,The current configuration applies without sufficient upgrade evidence.
468337,applies,applies,upgrade,7,7,very_low,low,low,low,very_high,very_high,True,pending_new_execution,The execution applies with headroom; evaluate one controlled step.
468337,applies,applies,maintain,8,8,medium,medium,medium,medium,high,high,False,not_required,The current configuration applies without sufficient upgrade evidence.
468337,applies,applies,maintain,8,8,medium,medium,medium,medium,high,high,False,not_required,The current configuration applies without sufficient upgrade evidence.
468337,applies,applies,upgrade,9,9,high,high,high,high,low,low,True,pending_new_execution,The execution applies with headroom; evaluate one controlled step.
468337,applies,not_applies,maintain,7,7,very_low,very_low,low,low,very_high,very_high,False,not_required,The current configuration applies without sufficient upgrade evidence.
468337,applies,applies,maintain,7,7,low,low,low,low,very_high,very_high,False,not_required,The current configuration applies without sufficient upgrade evidence.
468337,applies,applies,maintain,8,8,medium,medium,medium,medium,high,high,False,not_required,The current configuration applies without sufficient upgrade evidence.
468337,applies,applies,maintain,7,7,low,low,low,low,very_high,very_high,False,not_required,The current configuration applies without sufficient upgrade evidence.
468337,applies,applies,maintain,8,8,medium,medium,medium,medium,high,high,False,not_required,The current configuration applies without sufficient upgrade evidence.
468337,applies,applies,maintain,7,7,very_low,very_low,low,low,very_high,very_high,False,not_required,The current configuration applies without sufficient upgrade evidence.
468337,applies,not_applies,maintain,8,8,medium,medium,medium,medium,high,high,False,not_required,The current configuration applies without sufficient upgrade evidence.
468337,applies,not_applies,maintain,9,9,high,high,high,high,low,low,False,not_required,The current configuration applies without sufficient upgrade evidence.
479053,not_applies,not_applies,review,3,3,high,high,low,low,low,low,True,not_required,The model predicts that the executed configuration does not apply.
479170,applies,not_applies,maintain,4,4,very_low,very_low,low,low,medium,medium,False,not_required,The current configuration applies without sufficient upgrade evidence.
479170,applies,applies,upgrade,4,4,very_low,very_low,low,low,medium,medium,True,pending_new_execution,The execution applies with headroom; evaluate one controlled step.
479170,applies,applies,upgrade,4,7,very_low,very_low,low,low,medium,high,True,pending_new_execution,The execution applies with headroom; evaluate one controlled step.
479170,applies,applies,maintain,4,4,very_low,very_low,low,low,medium,medium,False,not_required,The current configuration applies without sufficient upgrade evidence.
479170,applies,not_applies,maintain,4,4,very_low,very_low,low,low,medium,medium,False,not_required,The current configuration applies without sufficient upgrade evidence.
479170,applies,not_applies,maintain,4,4,very_low,very_low,low,low,medium,medium,False,not_required,The current configuration applies without sufficient upgrade evidence.
479170,applies,not_applies,maintain,4,4,very_low,very_low,low,low,medium,medium,False,not_required,The current configuration applies without sufficient upgrade evidence.
480245,not_applies,not_applies,review,7,7,low,low,medium,medium,high,high,True,not_required,The model predicts that the executed configuration does not apply.
479170,applies,applies,maintain,4,4,very_low,very_low,low,low,medium,medium,False,not_required,The current configuration applies without sufficient upgrade evidence.
479170,applies,applies,upgrade,4,7,very_low,very_low,low,low,medium,high,True,pending_new_execution,The execution applies with headroom; evaluate one controlled step.
479170,applies,not_applies,maintain,4,4,very_low,very_low,low,low,medium,medium,False,not_required,The current configuration applies without sufficient upgrade evidence.
484091,not_applies,applies,review,7,7,low,low,low,low,very_high,very_high,True,not_required,The model predicts that the executed configuration does not apply.
484091,applies,applies,maintain,7,7,very_low,very_low,low,low,very_high,very_high,False,not_required,The current configuration applies without sufficient upgrade evidence.
484091,not_applies,applies,review,9,9,high,high,medium,medium,high,high,True,not_required,The model predicts that the executed configuration does not apply.
484091,applies,applies,upgrade,8,9,medium,high,medium,medium,high,high,True,pending_new_execution,The execution applies with headroom; evaluate one controlled step.
484091,applies,applies,upgrade,9,9,high,high,high,high,medium,high,True,pending_new_execution,The execution applies with headroom; evaluate one controlled step.
484091,not_applies,not_applies,review,9,9,high,high,medium,medium,high,high,True,not_required,The model predicts that the executed configuration does not apply.
484091,not_applies,not_applies,review,9,9,high,high,medium,medium,high,high,True,not_required,The model predicts that the executed configuration does not apply.
484091,not_applies,not_applies,review,9,9,high,high,medium,medium,high,high,True,not_required,The model predicts that the executed configuration does not apply.
484091,not_applies,not_applies,review,9,9,high,high,medium,medium,high,high,True,not_required,The model predicts that the executed configuration does not apply.
484091,not_applies,not_applies,review,9,9,high,high,medium,medium,high,high,True,not_required,The model predicts that the executed configuration does not apply.
484091,not_applies,not_applies,review,9,9,high,high,medium,medium,high,high,True,not_required,The model predicts that the executed configuration does not apply.
484091,not_applies,not_applies,review,7,7,low,low,low,low,high,high,True,not_required,The model predicts that the executed configuration does not apply.
484091,not_applies,not_applies,review,9,9,high,high,medium,medium,high,high,True,not_required,The model predicts that the executed configuration does not apply.
484091,not_applies,not_applies,review,9,9,high,high,medium,medium,high,high,True,not_required,The model predicts that the executed configuration does not apply.
484266,applies,applies,upgrade,4,7,very_low,very_low,low,low,medium,high,True,pending_new_execution,The execution applies with headroom; evaluate one controlled step.
484266,not_applies,applies,review,9,9,high,high,medium,medium,high,high,True,not_required,The model predicts that the executed configuration does not apply.
484091,not_applies,not_applies,review,9,9,high,high,medium,medium,high,high,True,not_required,The model predicts that the executed configuration does not apply.
484091,not_applies,not_applies,review,9,9,high,high,medium,medium,high,high,True,not_required,The model predicts that the executed configuration does not apply.
484091,not_applies,not_applies,review,7,7,low,low,low,low,high,high,True,not_required,The model predicts that the executed configuration does not apply.
484091,not_applies,not_applies,review,9,9,high,high,medium,medium,high,high,True,not_required,The model predicts that the executed configuration does not apply.
484091,not_applies,not_applies,review,9,9,high,high,medium,medium,high,high,True,not_required,The model predicts that the executed configuration does not apply.
484091,not_applies,not_applies,review,9,9,high,high,medium,medium,high,high,True,not_required,The model predicts that the executed configuration does not apply.
484091,not_applies,not_applies,review,9,9,high,high,medium,medium,high,high,True,not_required,The model predicts that the executed configuration does not apply.
484091,not_applies,not_applies,review,9,9,high,high,medium,medium,high,high,True,not_required,The model predicts that the executed configuration does not apply.
484091,not_applies,not_applies,review,9,9,high,high,medium,medium,high,high,True,not_required,The model predicts that the executed configuration does not apply.
484091,not_applies,not_applies,review,9,9,high,high,medium,medium,high,high,True,not_required,The model predicts that the executed configuration does not apply.
476779,not_applies,not_applies,review,,,,,,,,,True,not_required,The model predicts that the executed configuration does not apply.
477013,applies,applies,maintain,8,8,medium,medium,medium,medium,very_high,very_high,False,not_required,The current configuration applies without sufficient upgrade evidence.
476779,not_applies,not_applies,review,4,4,very_low,very_low,low,low,medium,medium,True,not_required,The model predicts that the executed configuration does not apply.
477013,applies,not_applies,maintain,7,7,low,low,low,low,very_high,very_high,False,not_required,The current configuration applies without sufficient upgrade evidence.
474212,applies,not_applies,maintain,7,7,very_low,very_low,medium,medium,high,high,False,not_required,The current configuration applies without sufficient upgrade evidence.
470035,applies,not_applies,maintain,4,4,very_low,very_low,low,low,medium,medium,False,not_required,The current configuration applies without sufficient upgrade evidence.
470035,applies,not_applies,maintain,4,4,very_low,very_low,low,low,medium,medium,False,not_required,The current configuration applies without sufficient upgrade evidence.
470347,not_applies,not_applies,review,1,1,very_low,very_low,low,low,low,low,True,not_required,The model predicts that the executed configuration does not apply.
470347,not_applies,not_applies,review,2,2,medium,medium,low,low,low,low,True,not_required,The model predicts that the executed configuration does not apply.
483179,not_applies,applies,review,7,7,very_low,very_low,low,low,high,high,True,not_required,The model predicts that the executed configuration does not apply.
483179,not_applies,applies,review,7,7,very_low,very_low,low,low,high,high,True,not_required,The model predicts that the executed configuration does not apply.
483042,not_applies,applies,review,4,4,very_low,very_low,low,low,medium,medium,True,not_required,The model predicts that the executed configuration does not apply.
483042,not_applies,applies,review,4,4,very_low,very_low,low,low,medium,medium,True,not_required,The model predicts that the executed configuration does not apply.
483042,not_applies,applies,review,4,4,very_low,very_low,low,low,medium,medium,True,not_required,The model predicts that the executed configuration does not apply.
483042,not_applies,not_applies,review,7,7,low,low,medium,medium,high,high,True,not_required,The model predicts that the executed configuration does not apply.
483042,not_applies,not_applies,review,7,7,low,low,medium,medium,high,high,True,not_required,The model predicts that the executed configuration does not apply.
483042,not_applies,not_applies,review,7,7,very_low,very_low,low,low,high,high,True,not_required,The model predicts that the executed configuration does not apply.
483042,not_applies,not_applies,review,7,7,low,low,medium,medium,high,high,True,not_required,The model predicts that the executed configuration does not apply.
483042,not_applies,not_applies,review,7,7,low,low,medium,medium,high,high,True,not_required,The model predicts that the executed configuration does not apply.
478493,applies,not_applies,maintain,7,7,very_low,very_low,medium,medium,high,high,False,not_required,The current configuration applies without sufficient upgrade evidence.
479736,applies,applies,maintain,7,7,very_low,very_low,medium,medium,very_high,very_high,False,not_required,The current configuration applies without sufficient upgrade evidence.
479736,applies,applies,upgrade,1,1,very_low,very_low,low,low,low,low,True,pending_new_execution,The execution applies with headroom; evaluate one controlled step.
479736,applies,applies,upgrade,1,1,very_low,very_low,low,low,low,low,True,pending_new_execution,The execution applies with headroom; evaluate one controlled step.
479736,applies,applies,upgrade,1,1,very_low,very_low,low,low,low,low,True,pending_new_execution,The execution applies with headroom; evaluate one controlled step.
479736,applies,applies,upgrade,1,1,very_low,very_low,low,low,low,low,True,pending_new_execution,The execution applies with headroom; evaluate one controlled step.
479736,applies,applies,upgrade,1,1,very_low,very_low,low,low,low,low,True,pending_new_execution,The execution applies with headroom; evaluate one controlled step.
479736,applies,applies,upgrade,4,4,low,low,low,low,medium,medium,True,pending_new_execution,The execution applies with headroom; evaluate one controlled step.
479678,applies,not_applies,maintain,7,7,low,low,low,low,very_high,very_high,False,not_required,The current configuration applies without sufficient upgrade evidence.
492149,not_applies,not_applies,review,7,7,very_low,very_low,low,low,very_high,very_high,True,not_required,The model predicts that the executed configuration does not apply.
492668,not_applies,not_applies,review,9,9,very_high,very_high,medium,medium,very_high,very_high,True,not_required,The model predicts that the executed configuration does not apply.
492202,applies,applies,upgrade,4,4,low,low,low,low,medium,medium,True,pending_new_execution,The execution applies with headroom; evaluate one controlled step.
492202,applies,applies,upgrade,4,4,low,low,low,low,medium,medium,True,pending_new_execution,The execution applies with headroom; evaluate one controlled step.
492202,applies,applies,maintain,4,4,low,low,low,low,medium,medium,False,not_required,The current configuration applies without sufficient upgrade evidence.
492202,applies,applies,upgrade,4,4,low,low,low,low,medium,medium,True,pending_new_execution,The execution applies with headroom; evaluate one controlled step.
492202,applies,not_applies,maintain,4,4,low,low,low,low,medium,medium,False,not_required,The current configuration applies without sufficient upgrade evidence.
492202,applies,not_applies,maintain,4,4,low,low,low,low,medium,medium,False,not_required,The current configuration applies without sufficient upgrade evidence.
492668,not_applies,not_applies,review,9,9,very_high,very_high,high,high,low,low,True,not_required,The model predicts that the executed configuration does not apply.
492668,not_applies,not_applies,review,5,5,medium,medium,medium,medium,medium,medium,True,not_required,The model predicts that the executed configuration does not apply.
492668,not_applies,not_applies,review,5,5,medium,medium,medium,medium,medium,medium,True,not_required,The model predicts that the executed configuration does not apply.
492668,not_applies,not_applies,review,7,7,low,low,low,low,high,high,True,not_required,The model predicts that the executed configuration does not apply.
492668,not_applies,not_applies,review,7,7,low,low,low,low,high,high,True,not_required,The model predicts that the executed configuration does not apply.
485004,applies,applies,upgrade,9,9,high,high,medium,medium,very_high,very_high,True,pending_new_execution,The execution applies with headroom; evaluate one controlled step.
485004,applies,applies,upgrade,9,9,high,high,medium,medium,very_high,very_high,True,pending_new_execution,The execution applies with headroom; evaluate one controlled step.
485004,applies,applies,maintain,7,7,low,low,medium,medium,very_high,very_high,False,not_required,The current configuration applies without sufficient upgrade evidence.
485004,applies,applies,upgrade,9,9,high,high,medium,medium,very_high,very_high,True,pending_new_execution,The execution applies with headroom; evaluate one controlled step.
485004,applies,applies,maintain,7,7,very_low,very_low,low,low,very_high,very_high,False,not_required,The current configuration applies without sufficient upgrade evidence.
485004,applies,not_applies,maintain,7,7,very_low,very_low,low,low,very_high,very_high,False,not_required,The current configuration applies without sufficient upgrade evidence.
484911,applies,applies,upgrade,4,4,low,low,low,low,medium,medium,True,pending_new_execution,The execution applies with headroom; evaluate one controlled step.
484911,applies,applies,upgrade,4,4,low,low,low,low,medium,medium,True,pending_new_execution,The execution applies with headroom; evaluate one controlled step.
484911,applies,applies,maintain,4,4,low,low,low,low,medium,medium,False,not_required,The current configuration applies without sufficient upgrade evidence.
485587,not_applies,applies,review,2,2,medium,medium,low,low,low,low,True,not_required,The model predicts that the executed configuration does not apply.
485587,not_applies,applies,review,2,2,medium,medium,low,low,low,low,True,not_required,The model predicts that the executed configuration does not apply.
485587,not_applies,applies,review,2,2,medium,medium,low,low,low,low,True,not_required,The model predicts that the executed configuration does not apply.
485587,not_applies,applies,review,2,2,medium,medium,low,low,low,low,True,not_required,The model predicts that the executed configuration does not apply.
490974,applies,not_applies,maintain,7,7,low,low,low,low,very_high,very_high,False,not_required,The current configuration applies without sufficient upgrade evidence.
490974,applies,not_applies,maintain,8,8,medium,medium,medium,medium,high,high,False,not_required,The current configuration applies without sufficient upgrade evidence.
490974,applies,not_applies,maintain,8,8,medium,medium,medium,medium,high,high,False,not_required,The current configuration applies without sufficient upgrade evidence.
490974,applies,applies,upgrade,9,9,high,high,high,high,low,low,True,pending_new_execution,The execution applies with headroom; evaluate one controlled step.
490974,applies,not_applies,maintain,7,7,very_low,very_low,low,low,very_high,very_high,False,not_required,The current configuration applies without sufficient upgrade evidence.
490974,applies,not_applies,maintain,7,7,low,low,low,low,very_high,very_high,False,not_required,The current configuration applies without sufficient upgrade evidence.
492149,applies,applies,upgrade,9,9,high,high,medium,medium,very_high,very_high,True,pending_new_execution,The execution applies with headroom; evaluate one controlled step.
492149,applies,applies,upgrade,9,9,high,high,high,high,low,medium,True,pending_new_execution,The execution applies with headroom; evaluate one controlled step.
486551,applies,applies,maintain,7,7,low,low,medium,medium,high,high,False,not_required,The current configuration applies without sufficient upgrade evidence.
485004,applies,not_applies,maintain,9,9,high,high,medium,medium,very_high,very_high,False,not_required,The current configuration applies without sufficient upgrade evidence.
485004,not_applies,not_applies,review,6,6,high,high,medium,medium,medium,medium,True,not_required,The model predicts that the executed configuration does not apply.
485004,not_applies,not_applies,review,7,7,low,low,medium,medium,very_high,very_high,True,not_required,The model predicts that the executed configuration does not apply.
485004,applies,not_applies,maintain,8,8,medium,medium,medium,medium,very_high,very_high,False,not_required,The current configuration applies without sufficient upgrade evidence.
485004,applies,not_applies,maintain,9,9,high,high,medium,medium,very_high,very_high,False,not_required,The current configuration applies without sufficient upgrade evidence.
485004,applies,applies,upgrade,6,9,high,high,medium,medium,medium,high,True,pending_new_execution,The execution applies with headroom; evaluate one controlled step.
485004,applies,applies,upgrade,7,7,low,low,medium,medium,very_high,very_high,True,pending_new_execution,The execution applies with headroom; evaluate one controlled step.
485004,not_applies,not_applies,review,9,9,high,high,medium,medium,very_high,very_high,True,not_required,The model predicts that the executed configuration does not apply.
485004,not_applies,not_applies,review,7,7,very_low,very_low,low,low,very_high,very_high,True,not_required,The model predicts that the executed configuration does not apply.
485004,not_applies,not_applies,review,7,7,very_low,very_low,low,low,very_high,very_high,True,not_required,The model predicts that the executed configuration does not apply.
485004,not_applies,not_applies,review,9,9,high,high,medium,medium,very_high,very_high,True,not_required,The model predicts that the executed configuration does not apply.
485004,not_applies,not_applies,review,8,8,medium,medium,medium,medium,very_high,very_high,True,not_required,The model predicts that the executed configuration does not apply.
485004,not_applies,not_applies,review,9,9,high,high,medium,medium,very_high,very_high,True,not_required,The model predicts that the executed configuration does not apply.
485004,not_applies,not_applies,review,7,7,very_low,very_low,low,low,very_high,very_high,True,not_required,The model predicts that the executed configuration does not apply.
485004,not_applies,not_applies,review,7,7,low,low,low,low,very_high,very_high,True,not_required,The model predicts that the executed configuration does not apply.
485004,not_applies,not_applies,review,7,7,low,low,low,low,very_high,very_high,True,not_required,The model predicts that the executed configuration does not apply.
485004,applies,not_applies,maintain,7,7,very_low,very_low,low,low,very_high,very_high,False,not_required,The current configuration applies without sufficient upgrade evidence.
485004,not_applies,not_applies,review,7,7,low,low,low,low,very_high,very_high,True,not_required,The model predicts that the executed configuration does not apply.
485004,not_applies,not_applies,review,7,7,low,low,low,low,very_high,very_high,True,not_required,The model predicts that the executed configuration does not apply.
486551,applies,applies,maintain,7,7,low,low,medium,medium,high,high,False,not_required,The current configuration applies without sufficient upgrade evidence.
486551,applies,applies,upgrade,7,7,very_low,very_low,low,low,high,high,True,pending_new_execution,The execution applies with headroom; evaluate one controlled step.
486551,applies,applies,upgrade,7,7,low,low,medium,medium,high,high,True,pending_new_execution,The execution applies with headroom; evaluate one controlled step.
489970,applies,applies,maintain,4,4,very_low,very_low,low,low,medium,medium,False,not_required,The current configuration applies without sufficient upgrade evidence.
489970,applies,applies,maintain,4,4,very_low,very_low,low,low,medium,medium,False,not_required,The current configuration applies without sufficient upgrade evidence.
490287,not_applies,not_applies,review,7,7,very_low,very_low,low,low,very_high,very_high,True,not_required,The model predicts that the executed configuration does not apply.
492993,applies,applies,maintain,1,1,low,low,low,low,low,low,False,not_required,The current configuration applies without sufficient upgrade evidence.
492993,applies,applies,upgrade,1,1,very_low,very_low,low,low,low,low,True,pending_new_execution,The execution applies with headroom; evaluate one controlled step.
492993,applies,applies,upgrade,1,1,very_low,very_low,low,low,low,low,True,pending_new_execution,The execution applies with headroom; evaluate one controlled step.
492993,applies,applies,upgrade,1,1,very_low,very_low,low,low,low,low,True,pending_new_execution,The execution applies with headroom; evaluate one controlled step.
492993,not_applies,not_applies,review,3,3,high,high,low,low,low,low,True,not_required,The model predicts that the executed configuration does not apply.
492993,not_applies,not_applies,review,3,3,high,high,low,low,low,low,True,not_required,The model predicts that the executed configuration does not apply.
492993,not_applies,not_applies,review,3,3,high,high,low,low,low,low,True,not_required,The model predicts that the executed configuration does not apply.
492908,not_applies,applies,review,7,7,very_low,very_low,low,low,high,high,True,not_required,The model predicts that the executed configuration does not apply.
492967,not_applies,not_applies,review,7,7,very_low,very_low,low,low,very_high,very_high,True,not_required,The model predicts that the executed configuration does not apply.
492967,not_applies,not_applies,review,7,7,very_low,very_low,low,low,very_high,very_high,True,not_required,The model predicts that the executed configuration does not apply.
492908,not_applies,applies,review,4,4,very_low,very_low,low,low,medium,medium,True,not_required,The model predicts that the executed configuration does not apply.
492908,not_applies,applies,review,7,7,very_low,very_low,low,low,high,high,True,not_required,The model predicts that the executed configuration does not apply.
492908,not_applies,applies,review,4,4,very_low,very_low,low,low,medium,medium,True,not_required,The model predicts that the executed configuration does not apply.
493813,not_applies,not_applies,review,7,7,very_low,very_low,low,low,very_high,very_high,True,not_required,The model predicts that the executed configuration does not apply.
493813,applies,not_applies,maintain,,,,,,,,,False,not_required,The current configuration applies without sufficient upgrade evidence.
492149,not_applies,applies,review,7,7,low,low,low,low,very_high,very_high,True,not_required,The model predicts that the executed configuration does not apply.
492149,not_applies,applies,review,7,7,low,low,low,low,very_high,very_high,True,not_required,The model predicts that the executed configuration does not apply.
492149,not_applies,applies,review,7,7,low,low,low,low,very_high,very_high,True,not_required,The model predicts that the executed configuration does not apply.
492149,not_applies,applies,review,7,7,low,low,low,low,very_high,very_high,True,not_required,The model predicts that the executed configuration does not apply.
491945,applies,applies,upgrade,7,7,very_low,very_low,medium,medium,high,high,True,pending_new_execution,The execution applies with headroom; evaluate one controlled step.
492149,applies,applies,upgrade,9,9,high,high,medium,medium,very_high,very_high,True,pending_new_execution,The execution applies with headroom; evaluate one controlled step.
492202,applies,applies,upgrade,4,4,low,low,low,low,medium,medium,True,pending_new_execution,The execution applies with headroom; evaluate one controlled step.
492149,not_applies,not_applies,review,7,7,very_low,very_low,low,low,very_high,very_high,True,not_required,The model predicts that the executed configuration does not apply.
492149,not_applies,not_applies,review,7,7,very_low,very_low,low,low,very_high,very_high,True,not_required,The model predicts that the executed configuration does not apply.
492149,not_applies,not_applies,review,7,7,very_low,very_low,low,low,very_high,very_high,True,not_required,The model predicts that the executed configuration does not apply.
492149,not_applies,not_applies,review,7,7,very_low,very_low,low,low,very_high,very_high,True,not_required,The model predicts that the executed configuration does not apply.
492149,applies,applies,maintain,7,7,low,low,low,low,high,high,False,not_required,The current configuration applies without sufficient upgrade evidence.
492149,applies,applies,upgrade,7,7,very_low,very_low,low,low,very_high,very_high,True,pending_new_execution,The execution applies with headroom; evaluate one controlled step.
492149,applies,applies,upgrade,7,7,very_low,very_low,low,low,very_high,very_high,True,pending_new_execution,The execution applies with headroom; evaluate one controlled step.
492149,not_applies,applies,review,7,7,low,low,low,low,very_high,very_high,True,not_required,The model predicts that the executed configuration does not apply.
492149,not_applies,applies,review,7,7,low,low,low,low,very_high,very_high,True,not_required,The model predicts that the executed configuration does not apply.
492149,applies,applies,upgrade,9,9,high,high,medium,medium,very_high,very_high,True,pending_new_execution,The execution applies with headroom; evaluate one controlled step.
492149,not_applies,not_applies,review,7,7,very_low,very_low,low,low,very_high,very_high,True,not_required,The model predicts that the executed configuration does not apply.
495358,not_applies,applies,review,4,4,very_low,very_low,low,low,medium,medium,True,not_required,The model predicts that the executed configuration does not apply.
494572,not_applies,applies,review,4,4,very_low,very_low,low,low,medium,medium,True,not_required,The model predicts that the executed configuration does not apply.
494572,not_applies,applies,review,4,4,very_low,very_low,low,low,medium,medium,True,not_required,The model predicts that the executed configuration does not apply.
494572,not_applies,applies,review,4,4,very_low,very_low,low,low,medium,medium,True,not_required,The model predicts that the executed configuration does not apply.
495358,not_applies,not_applies,review,7,7,very_low,very_low,low,low,very_high,very_high,True,not_required,The model predicts that the executed configuration does not apply.
495657,not_applies,not_applies,review,7,7,very_low,very_low,low,low,very_high,very_high,True,not_required,The model predicts that the executed configuration does not apply.
495657,not_applies,not_applies,review,7,7,very_low,very_low,low,low,very_high,very_high,True,not_required,The model predicts that the executed configuration does not apply.
495657,not_applies,not_applies,review,7,7,very_low,very_low,low,low,very_high,very_high,True,not_required,The model predicts that the executed configuration does not apply.
495821,applies,applies,upgrade,4,4,low,low,low,low,medium,medium,True,pending_new_execution,The execution applies with headroom; evaluate one controlled step.
497363,applies,not_applies,maintain,1,1,very_low,very_low,low,low,low,low,False,not_required,The current configuration applies without sufficient upgrade evidence.
497363,not_applies,not_applies,review,3,3,high,high,low,low,low,low,True,not_required,The model predicts that the executed configuration does not apply.
496873,not_applies,not_applies,review,1,1,low,low,low,low,low,low,True,not_required,The model predicts that the executed configuration does not apply.
496161,not_applies,not_applies,review,7,7,very_low,very_low,low,low,high,high,True,not_required,The model predicts that the executed configuration does not apply.
497363,not_applies,not_applies,review,3,3,high,high,low,low,low,low,True,not_required,The model predicts that the executed configuration does not apply.
494572,not_applies,not_applies,review,4,4,very_low,very_low,low,low,medium,medium,True,not_required,The model predicts that the executed configuration does not apply.
494572,not_applies,not_applies,review,4,4,very_low,very_low,low,low,medium,medium,True,not_required,The model predicts that the executed configuration does not apply.
494572,not_applies,not_applies,review,4,4,very_low,very_low,low,low,medium,medium,True,not_required,The model predicts that the executed configuration does not apply.
496873,applies,not_applies,maintain,1,1,very_low,very_low,low,low,low,low,False,not_required,The current configuration applies without sufficient upgrade evidence.
496873,applies,not_applies,maintain,1,1,very_low,very_low,low,low,low,low,False,not_required,The current configuration applies without sufficient upgrade evidence.
496873,not_applies,not_applies,review,3,3,high,high,low,low,low,low,True,not_required,The model predicts that the executed configuration does not apply.
496873,not_applies,not_applies,review,3,3,high,high,low,low,low,low,True,not_required,The model predicts that the executed configuration does not apply.
496873,not_applies,not_applies,review,3,3,high,high,low,low,low,low,True,not_required,The model predicts that the executed configuration does not apply.
487957,not_applies,not_applies,review,4,4,very_low,very_low,low,low,medium,medium,True,not_required,The model predicts that the executed configuration does not apply.
492993,applies,not_applies,maintain,1,1,very_low,very_low,low,low,low,low,False,not_required,The current configuration applies without sufficient upgrade evidence.
492993,not_applies,not_applies,review,3,3,high,high,low,low,low,low,True,not_required,The model predicts that the executed configuration does not apply.
492993,not_applies,not_applies,review,3,3,high,high,low,low,low,low,True,not_required,The model predicts that the executed configuration does not apply.
492993,not_applies,not_applies,review,3,3,high,high,low,low,low,low,True,not_required,The model predicts that the executed configuration does not apply.
